url_path,views_total,views_unique
/Unity-Technologies/EntityComponentSystemSamples,1111,613
/Unity-Technologies/EntityComponentSystemSamples/tree/master,164,85
/Unity-Technologies/EntityComponentSystemSamples/tree/master/EntitiesSamples,117,82
/Unity-Technologies/EntityComponentSystemSamples/blob/master/EntitiesSamples/README.md,102,92
/Unity-Technologies/EntityComponentSystemSamples/blob/master/PhysicsSamples/README.md,96,64
/Unity-Technologies/EntityComponentSystemSamples/tree/master/PhysicsSamples,91,59
/Unity-Technologies/EntityComponentSystemSamples/blob/master/EntitiesSamples/Assets/Baking/README.md,81,53
/Unity-Technologies/EntityComponentSystemSamples/tree/master/Dots101,78,55
/Unity-Technologies/EntityComponentSystemSamples/tree/master/GraphicsSamples/URPSamples,62,37
/Unity-Technologies/EntityComponentSystemSamples/tree/master/EntitiesSamples/Assets,57,42
