time_iso8601,stars_cumulative
2018-03-20 00:00:00+00:00,108
2018-03-21 00:00:00+00:00,148
2018-03-22 00:00:00+00:00,169
2018-03-23 00:00:00+00:00,192
2018-03-24 00:00:00+00:00,195
2018-03-25 00:00:00+00:00,206
2018-03-26 00:00:00+00:00,222
2018-03-27 00:00:00+00:00,232
2018-03-28 00:00:00+00:00,240
2018-03-29 00:00:00+00:00,252
2018-03-30 00:00:00+00:00,266
2018-03-31 00:00:00+00:00,267
2018-04-01 00:00:00+00:00,284
2018-04-02 00:00:00+00:00,307
2018-04-03 00:00:00+00:00,331
2018-04-04 00:00:00+00:00,351
2018-04-05 00:00:00+00:00,356
2018-04-06 00:00:00+00:00,364
2018-04-07 00:00:00+00:00,371
2018-04-08 00:00:00+00:00,377
2018-04-09 00:00:00+00:00,385
2018-04-10 00:00:00+00:00,392
2018-04-11 00:00:00+00:00,398
2018-04-12 00:00:00+00:00,400
2018-04-13 00:00:00+00:00,410
2018-04-14 00:00:00+00:00,413
2018-04-15 00:00:00+00:00,415
2018-04-16 00:00:00+00:00,419
2018-04-17 00:00:00+00:00,424
2018-04-18 00:00:00+00:00,439
2018-04-19 00:00:00+00:00,446
2018-04-20 00:00:00+00:00,450
2018-04-22 00:00:00+00:00,453
2018-04-23 00:00:00+00:00,455
2018-04-24 00:00:00+00:00,461
2018-04-25 00:00:00+00:00,463
2018-04-26 00:00:00+00:00,465
2018-04-27 00:00:00+00:00,470
2018-04-28 00:00:00+00:00,473
2018-04-29 00:00:00+00:00,474
2018-04-30 00:00:00+00:00,475
2018-05-01 00:00:00+00:00,478
2018-05-02 00:00:00+00:00,492
2018-05-03 00:00:00+00:00,510
2018-05-04 00:00:00+00:00,520
2018-05-05 00:00:00+00:00,525
2018-05-06 00:00:00+00:00,533
2018-05-07 00:00:00+00:00,543
2018-05-08 00:00:00+00:00,550
2018-05-09 00:00:00+00:00,556
2018-05-10 00:00:00+00:00,563
2018-05-11 00:00:00+00:00,569
2018-05-12 00:00:00+00:00,573
2018-05-13 00:00:00+00:00,575
2018-05-14 00:00:00+00:00,578
2018-05-15 00:00:00+00:00,590
2018-05-16 00:00:00+00:00,595
2018-05-17 00:00:00+00:00,600
2018-05-18 00:00:00+00:00,605
2018-05-19 00:00:00+00:00,606
2018-05-20 00:00:00+00:00,608
2018-05-21 00:00:00+00:00,616
2018-05-22 00:00:00+00:00,622
2018-05-23 00:00:00+00:00,623
2018-05-24 00:00:00+00:00,629
2018-05-25 00:00:00+00:00,632
2018-05-26 00:00:00+00:00,637
2018-05-27 00:00:00+00:00,638
2018-05-28 00:00:00+00:00,646
2018-05-29 00:00:00+00:00,653
2018-05-30 00:00:00+00:00,659
2018-05-31 00:00:00+00:00,662
2018-06-01 00:00:00+00:00,665
2018-06-02 00:00:00+00:00,666
2018-06-03 00:00:00+00:00,676
2018-06-04 00:00:00+00:00,694
2018-06-05 00:00:00+00:00,708
2018-06-06 00:00:00+00:00,717
2018-06-07 00:00:00+00:00,728
2018-06-08 00:00:00+00:00,745
2018-06-09 00:00:00+00:00,752
2018-06-10 00:00:00+00:00,758
2018-06-11 00:00:00+00:00,765
2018-06-12 00:00:00+00:00,775
2018-06-13 00:00:00+00:00,781
2018-06-14 00:00:00+00:00,786
2018-06-15 00:00:00+00:00,793
2018-06-16 00:00:00+00:00,796
2018-06-17 00:00:00+00:00,802
2018-06-19 00:00:00+00:00,806
2018-06-20 00:00:00+00:00,809
2018-06-21 00:00:00+00:00,817
2018-06-22 00:00:00+00:00,818
2018-06-23 00:00:00+00:00,820
2018-06-24 00:00:00+00:00,825
2018-06-25 00:00:00+00:00,833
2018-06-26 00:00:00+00:00,838
2018-06-27 00:00:00+00:00,845
2018-06-28 00:00:00+00:00,850
2018-06-29 00:00:00+00:00,856
2018-06-30 00:00:00+00:00,860
2018-07-01 00:00:00+00:00,862
2018-07-02 00:00:00+00:00,865
2018-07-03 00:00:00+00:00,871
2018-07-04 00:00:00+00:00,874
2018-07-05 00:00:00+00:00,877
2018-07-06 00:00:00+00:00,881
2018-07-07 00:00:00+00:00,883
2018-07-08 00:00:00+00:00,885
2018-07-09 00:00:00+00:00,886
2018-07-10 00:00:00+00:00,893
2018-07-11 00:00:00+00:00,906
2018-07-12 00:00:00+00:00,916
2018-07-13 00:00:00+00:00,920
2018-07-14 00:00:00+00:00,925
2018-07-15 00:00:00+00:00,929
2018-07-16 00:00:00+00:00,934
2018-07-17 00:00:00+00:00,938
2018-07-18 00:00:00+00:00,940
2018-07-19 00:00:00+00:00,945
2018-07-20 00:00:00+00:00,951
2018-07-21 00:00:00+00:00,952
2018-07-22 00:00:00+00:00,956
2018-07-23 00:00:00+00:00,959
2018-07-24 00:00:00+00:00,962
2018-07-25 00:00:00+00:00,968
2018-07-26 00:00:00+00:00,971
2018-07-27 00:00:00+00:00,975
2018-07-28 00:00:00+00:00,979
2018-07-29 00:00:00+00:00,983
2018-07-30 00:00:00+00:00,990
2018-07-31 00:00:00+00:00,996
2018-08-01 00:00:00+00:00,1003
2018-08-02 00:00:00+00:00,1007
2018-08-03 00:00:00+00:00,1011
2018-08-04 00:00:00+00:00,1013
2018-08-05 00:00:00+00:00,1018
2018-08-06 00:00:00+00:00,1025
2018-08-07 00:00:00+00:00,1027
2018-08-08 00:00:00+00:00,1033
2018-08-09 00:00:00+00:00,1040
2018-08-10 00:00:00+00:00,1041
2018-08-11 00:00:00+00:00,1044
2018-08-12 00:00:00+00:00,1049
2018-08-13 00:00:00+00:00,1051
2018-08-14 00:00:00+00:00,1054
2018-08-15 00:00:00+00:00,1058
2018-08-16 00:00:00+00:00,1060
2018-08-17 00:00:00+00:00,1063
2018-08-18 00:00:00+00:00,1065
2018-08-19 00:00:00+00:00,1066
2018-08-20 00:00:00+00:00,1069
2018-08-21 00:00:00+00:00,1076
2018-08-22 00:00:00+00:00,1081
2018-08-23 00:00:00+00:00,1084
2018-08-24 00:00:00+00:00,1085
2018-08-25 00:00:00+00:00,1092
2018-08-26 00:00:00+00:00,1094
2018-08-27 00:00:00+00:00,1095
2018-08-28 00:00:00+00:00,1099
2018-08-29 00:00:00+00:00,1100
2018-08-30 00:00:00+00:00,1104
2018-08-31 00:00:00+00:00,1105
2018-09-01 00:00:00+00:00,1110
2018-09-02 00:00:00+00:00,1112
2018-09-03 00:00:00+00:00,1115
2018-09-04 00:00:00+00:00,1118
2018-09-05 00:00:00+00:00,1120
2018-09-06 00:00:00+00:00,1125
2018-09-07 00:00:00+00:00,1132
2018-09-08 00:00:00+00:00,1136
2018-09-09 00:00:00+00:00,1141
2018-09-10 00:00:00+00:00,1143
2018-09-11 00:00:00+00:00,1144
2018-09-12 00:00:00+00:00,1149
2018-09-13 00:00:00+00:00,1155
2018-09-14 00:00:00+00:00,1159
2018-09-15 00:00:00+00:00,1164
2018-09-16 00:00:00+00:00,1166
2018-09-17 00:00:00+00:00,1169
2018-09-18 00:00:00+00:00,1172
2018-09-19 00:00:00+00:00,1176
2018-09-20 00:00:00+00:00,1181
2018-09-21 00:00:00+00:00,1183
2018-09-22 00:00:00+00:00,1185
2018-09-23 00:00:00+00:00,1186
2018-09-24 00:00:00+00:00,1189
2018-09-25 00:00:00+00:00,1191
2018-09-26 00:00:00+00:00,1194
2018-09-27 00:00:00+00:00,1196
2018-09-28 00:00:00+00:00,1198
2018-09-29 00:00:00+00:00,1199
2018-09-30 00:00:00+00:00,1200
2018-10-01 00:00:00+00:00,1204
2018-10-02 00:00:00+00:00,1210
2018-10-03 00:00:00+00:00,1212
2018-10-04 00:00:00+00:00,1214
2018-10-05 00:00:00+00:00,1217
2018-10-07 00:00:00+00:00,1221
2018-10-08 00:00:00+00:00,1228
2018-10-09 00:00:00+00:00,1233
2018-10-10 00:00:00+00:00,1237
2018-10-11 00:00:00+00:00,1239
2018-10-12 00:00:00+00:00,1241
2018-10-13 00:00:00+00:00,1242
2018-10-14 00:00:00+00:00,1245
2018-10-15 00:00:00+00:00,1246
2018-10-19 00:00:00+00:00,1249
2018-10-20 00:00:00+00:00,1250
2018-10-21 00:00:00+00:00,1252
2018-10-22 00:00:00+00:00,1255
2018-10-23 00:00:00+00:00,1260
2018-10-24 00:00:00+00:00,1271
2018-10-25 00:00:00+00:00,1279
2018-10-26 00:00:00+00:00,1282
2018-10-27 00:00:00+00:00,1285
2018-10-28 00:00:00+00:00,1290
2018-10-29 00:00:00+00:00,1295
2018-10-30 00:00:00+00:00,1302
2018-10-31 00:00:00+00:00,1309
2018-11-01 00:00:00+00:00,1317
2018-11-02 00:00:00+00:00,1324
2018-11-03 00:00:00+00:00,1327
2018-11-04 00:00:00+00:00,1329
2018-11-05 00:00:00+00:00,1333
2018-11-06 00:00:00+00:00,1337
2018-11-07 00:00:00+00:00,1341
2018-11-08 00:00:00+00:00,1350
2018-11-09 00:00:00+00:00,1355
2018-11-10 00:00:00+00:00,1357
2018-11-11 00:00:00+00:00,1359
2018-11-12 00:00:00+00:00,1363
2018-11-13 00:00:00+00:00,1370
2018-11-14 00:00:00+00:00,1374
2018-11-15 00:00:00+00:00,1380
2018-11-16 00:00:00+00:00,1381
2018-11-17 00:00:00+00:00,1383
2018-11-18 00:00:00+00:00,1386
2018-11-19 00:00:00+00:00,1392
2018-11-20 00:00:00+00:00,1397
2018-11-21 00:00:00+00:00,1400
2018-11-22 00:00:00+00:00,1401
2018-11-23 00:00:00+00:00,1408
2018-11-24 00:00:00+00:00,1411
2018-11-25 00:00:00+00:00,1413
2018-11-26 00:00:00+00:00,1417
2018-11-27 00:00:00+00:00,1424
2018-11-28 00:00:00+00:00,1433
2018-11-29 00:00:00+00:00,1442
2018-11-30 00:00:00+00:00,1450
2018-12-01 00:00:00+00:00,1453
2018-12-02 00:00:00+00:00,1456
2018-12-03 00:00:00+00:00,1462
2018-12-04 00:00:00+00:00,1469
2018-12-05 00:00:00+00:00,1475
2018-12-06 00:00:00+00:00,1480
2018-12-07 00:00:00+00:00,1482
2018-12-08 00:00:00+00:00,1484
2018-12-09 00:00:00+00:00,1487
2018-12-10 00:00:00+00:00,1492
2018-12-11 00:00:00+00:00,1498
2018-12-12 00:00:00+00:00,1506
2018-12-13 00:00:00+00:00,1507
2018-12-14 00:00:00+00:00,1514
2018-12-15 00:00:00+00:00,1517
2018-12-16 00:00:00+00:00,1519
2018-12-17 00:00:00+00:00,1521
2018-12-18 00:00:00+00:00,1525
2018-12-19 00:00:00+00:00,1530
2018-12-20 00:00:00+00:00,1536
2018-12-21 00:00:00+00:00,1538
2018-12-22 00:00:00+00:00,1541
2018-12-23 00:00:00+00:00,1547
2018-12-24 00:00:00+00:00,1557
2018-12-25 00:00:00+00:00,1568
2018-12-26 00:00:00+00:00,1569
2018-12-27 00:00:00+00:00,1577
2018-12-28 00:00:00+00:00,1581
2018-12-29 00:00:00+00:00,1585
2018-12-30 00:00:00+00:00,1589
2018-12-31 00:00:00+00:00,1593
2019-01-01 00:00:00+00:00,1596
2019-01-02 00:00:00+00:00,1600
2019-01-03 00:00:00+00:00,1601
2019-01-04 00:00:00+00:00,1605
2019-01-05 00:00:00+00:00,1610
2019-01-06 00:00:00+00:00,1612
2019-01-07 00:00:00+00:00,1614
2019-01-08 00:00:00+00:00,1618
2019-01-09 00:00:00+00:00,1624
2019-01-10 00:00:00+00:00,1630
2019-01-11 00:00:00+00:00,1633
2019-01-12 00:00:00+00:00,1634
2019-01-13 00:00:00+00:00,1636
2019-01-14 00:00:00+00:00,1637
2019-01-16 00:00:00+00:00,1642
2019-01-17 00:00:00+00:00,1648
2019-01-18 00:00:00+00:00,1651
2019-01-19 00:00:00+00:00,1655
2019-01-20 00:00:00+00:00,1656
2019-01-21 00:00:00+00:00,1657
2019-01-22 00:00:00+00:00,1662
2019-01-23 00:00:00+00:00,1668
2019-01-24 00:00:00+00:00,1674
2019-01-25 00:00:00+00:00,1678
2019-01-26 00:00:00+00:00,1679
2019-01-27 00:00:00+00:00,1680
2019-01-28 00:00:00+00:00,1682
2019-01-29 00:00:00+00:00,1685
2019-01-30 00:00:00+00:00,1689
2019-01-31 00:00:00+00:00,1695
2019-02-01 00:00:00+00:00,1703
2019-02-02 00:00:00+00:00,1705
2019-02-04 00:00:00+00:00,1707
2019-02-05 00:00:00+00:00,1713
2019-02-06 00:00:00+00:00,1714
2019-02-07 00:00:00+00:00,1717
2019-02-08 00:00:00+00:00,1719
2019-02-09 00:00:00+00:00,1721
2019-02-10 00:00:00+00:00,1722
2019-02-11 00:00:00+00:00,1725
2019-02-12 00:00:00+00:00,1732
2019-02-13 00:00:00+00:00,1735
2019-02-14 00:00:00+00:00,1740
2019-02-15 00:00:00+00:00,1744
2019-02-16 00:00:00+00:00,1745
2019-02-17 00:00:00+00:00,1747
2019-02-18 00:00:00+00:00,1748
2019-02-19 00:00:00+00:00,1753
2019-02-20 00:00:00+00:00,1757
2019-02-21 00:00:00+00:00,1761
2019-02-22 00:00:00+00:00,1763
2019-02-23 00:00:00+00:00,1766
2019-02-24 00:00:00+00:00,1769
2019-02-25 00:00:00+00:00,1771
2019-02-26 00:00:00+00:00,1776
2019-02-27 00:00:00+00:00,1779
2019-02-28 00:00:00+00:00,1781
2019-03-01 00:00:00+00:00,1788
2019-03-02 00:00:00+00:00,1795
2019-03-04 00:00:00+00:00,1797
2019-03-05 00:00:00+00:00,1804
2019-03-06 00:00:00+00:00,1807
2019-03-07 00:00:00+00:00,1812
2019-03-08 00:00:00+00:00,1817
2019-03-09 00:00:00+00:00,1824
2019-03-10 00:00:00+00:00,1830
2019-03-11 00:00:00+00:00,1836
2019-03-12 00:00:00+00:00,1839
2019-03-13 00:00:00+00:00,1842
2019-03-14 00:00:00+00:00,1847
2019-03-15 00:00:00+00:00,1853
2019-03-16 00:00:00+00:00,1854
2019-03-17 00:00:00+00:00,1855
2019-03-18 00:00:00+00:00,1857
2019-03-19 00:00:00+00:00,1878
2019-03-20 00:00:00+00:00,1894
2019-03-21 00:00:00+00:00,1896
2019-03-22 00:00:00+00:00,1906
2019-03-23 00:00:00+00:00,1910
2019-03-24 00:00:00+00:00,1913
2019-03-25 00:00:00+00:00,1922
2019-03-26 00:00:00+00:00,1938
2019-03-27 00:00:00+00:00,1946
2019-03-28 00:00:00+00:00,1953
2019-03-29 00:00:00+00:00,1956
2019-03-30 00:00:00+00:00,1957
2019-03-31 00:00:00+00:00,1958
2019-04-01 00:00:00+00:00,1960
2019-04-02 00:00:00+00:00,1964
2019-04-03 00:00:00+00:00,1966
2019-04-04 00:00:00+00:00,1969
2019-04-05 00:00:00+00:00,1975
2019-04-06 00:00:00+00:00,1977
2019-04-07 00:00:00+00:00,1979
2019-04-08 00:00:00+00:00,1993
2019-04-09 00:00:00+00:00,2001
2019-04-10 00:00:00+00:00,2010
2019-04-11 00:00:00+00:00,2016
2019-04-12 00:00:00+00:00,2024
2019-04-13 00:00:00+00:00,2028
2019-04-14 00:00:00+00:00,2029
2019-04-15 00:00:00+00:00,2033
2019-04-16 00:00:00+00:00,2039
2019-04-17 00:00:00+00:00,2045
2019-04-18 00:00:00+00:00,2052
2019-04-19 00:00:00+00:00,2056
2019-04-20 00:00:00+00:00,2060
2019-04-22 00:00:00+00:00,2066
2019-04-23 00:00:00+00:00,2071
2019-04-24 00:00:00+00:00,2074
2019-04-25 00:00:00+00:00,2078
2019-04-26 00:00:00+00:00,2080
2019-04-27 00:00:00+00:00,2084
2019-04-28 00:00:00+00:00,2088
2019-04-29 00:00:00+00:00,2091
2019-04-30 00:00:00+00:00,2096
2019-05-01 00:00:00+00:00,2098
2019-05-02 00:00:00+00:00,2100
2019-05-03 00:00:00+00:00,2101
2019-05-04 00:00:00+00:00,2105
2019-05-05 00:00:00+00:00,2107
2019-05-06 00:00:00+00:00,2110
2019-05-07 00:00:00+00:00,2116
2019-05-08 00:00:00+00:00,2121
2019-05-09 00:00:00+00:00,2126
2019-05-10 00:00:00+00:00,2132
2019-05-11 00:00:00+00:00,2136
2019-05-12 00:00:00+00:00,2139
2019-05-13 00:00:00+00:00,2144
2019-05-14 00:00:00+00:00,2155
2019-05-15 00:00:00+00:00,2160
2019-05-16 00:00:00+00:00,2167
2019-05-17 00:00:00+00:00,2171
2019-05-18 00:00:00+00:00,2176
2019-05-19 00:00:00+00:00,2180
2019-05-20 00:00:00+00:00,2182
2019-05-21 00:00:00+00:00,2183
2019-05-22 00:00:00+00:00,2191
2019-05-23 00:00:00+00:00,2195
2019-05-24 00:00:00+00:00,2197
2019-05-27 00:00:00+00:00,2204
2019-05-28 00:00:00+00:00,2209
2019-05-29 00:00:00+00:00,2212
2019-05-30 00:00:00+00:00,2219
2019-06-01 00:00:00+00:00,2223
2019-06-02 00:00:00+00:00,2224
2019-06-03 00:00:00+00:00,2225
2019-06-04 00:00:00+00:00,2230
2019-06-05 00:00:00+00:00,2232
2019-06-06 00:00:00+00:00,2235
2019-06-07 00:00:00+00:00,2236
2019-06-08 00:00:00+00:00,2237
2019-06-09 00:00:00+00:00,2238
2019-06-10 00:00:00+00:00,2241
2019-06-11 00:00:00+00:00,2242
2019-06-12 00:00:00+00:00,2245
2019-06-13 00:00:00+00:00,2248
2019-06-14 00:00:00+00:00,2249
2019-06-15 00:00:00+00:00,2251
2019-06-17 00:00:00+00:00,2255
2019-06-18 00:00:00+00:00,2256
2019-06-20 00:00:00+00:00,2258
2019-06-21 00:00:00+00:00,2262
2019-06-23 00:00:00+00:00,2264
2019-06-24 00:00:00+00:00,2268
2019-06-25 00:00:00+00:00,2274
2019-06-26 00:00:00+00:00,2275
2019-06-27 00:00:00+00:00,2279
2019-06-28 00:00:00+00:00,2281
2019-06-29 00:00:00+00:00,2283
2019-06-30 00:00:00+00:00,2285
2019-07-01 00:00:00+00:00,2289
2019-07-02 00:00:00+00:00,2292
2019-07-03 00:00:00+00:00,2296
2019-07-04 00:00:00+00:00,2299
2019-07-06 00:00:00+00:00,2300
2019-07-07 00:00:00+00:00,2301
2019-07-08 00:00:00+00:00,2304
2019-07-09 00:00:00+00:00,2306
2019-07-10 00:00:00+00:00,2308
2019-07-11 00:00:00+00:00,2311
2019-07-12 00:00:00+00:00,2312
2019-07-13 00:00:00+00:00,2314
2019-07-15 00:00:00+00:00,2319
2019-07-16 00:00:00+00:00,2323
2019-07-17 00:00:00+00:00,2326
2019-07-18 00:00:00+00:00,2328
2019-07-19 00:00:00+00:00,2333
2019-07-20 00:00:00+00:00,2336
2019-07-21 00:00:00+00:00,2338
2019-07-22 00:00:00+00:00,2342
2019-07-23 00:00:00+00:00,2346
2019-07-24 00:00:00+00:00,2351
2019-07-25 00:00:00+00:00,2355
2019-07-26 00:00:00+00:00,2358
2019-07-27 00:00:00+00:00,2360
2019-07-29 00:00:00+00:00,2363
2019-07-30 00:00:00+00:00,2367
2019-07-31 00:00:00+00:00,2369
2019-08-01 00:00:00+00:00,2372
2019-08-02 00:00:00+00:00,2375
2019-08-03 00:00:00+00:00,2376
2019-08-04 00:00:00+00:00,2382
2019-08-05 00:00:00+00:00,2385
2019-08-06 00:00:00+00:00,2391
2019-08-07 00:00:00+00:00,2394
2019-08-08 00:00:00+00:00,2400
2019-08-09 00:00:00+00:00,2402
2019-08-10 00:00:00+00:00,2405
2019-08-11 00:00:00+00:00,2406
2019-08-12 00:00:00+00:00,2409
2019-08-13 00:00:00+00:00,2415
2019-08-14 00:00:00+00:00,2422
2019-08-15 00:00:00+00:00,2424
2019-08-16 00:00:00+00:00,2429
2019-08-18 00:00:00+00:00,2430
2019-08-19 00:00:00+00:00,2433
2019-08-20 00:00:00+00:00,2436
2019-08-21 00:00:00+00:00,2438
2019-08-22 00:00:00+00:00,2440
2019-08-24 00:00:00+00:00,2442
2019-08-25 00:00:00+00:00,2444
2019-08-26 00:00:00+00:00,2446
2019-08-27 00:00:00+00:00,2452
2019-08-28 00:00:00+00:00,2459
2019-08-29 00:00:00+00:00,2462
2019-08-30 00:00:00+00:00,2467
2019-08-31 00:00:00+00:00,2469
2019-09-01 00:00:00+00:00,2472
2019-09-02 00:00:00+00:00,2474
2019-09-03 00:00:00+00:00,2478
2019-09-04 00:00:00+00:00,2481
2019-09-05 00:00:00+00:00,2485
2019-09-06 00:00:00+00:00,2489
2019-09-07 00:00:00+00:00,2490
2019-09-08 00:00:00+00:00,2491
2019-09-09 00:00:00+00:00,2494
2019-09-10 00:00:00+00:00,2495
2019-09-11 00:00:00+00:00,2499
2019-09-12 00:00:00+00:00,2502
2019-09-13 00:00:00+00:00,2506
2019-09-14 00:00:00+00:00,2507
2019-09-15 00:00:00+00:00,2509
2019-09-16 00:00:00+00:00,2510
2019-09-17 00:00:00+00:00,2512
2019-09-18 00:00:00+00:00,2515
2019-09-19 00:00:00+00:00,2516
2019-09-20 00:00:00+00:00,2521
2019-09-21 00:00:00+00:00,2524
2019-09-23 00:00:00+00:00,2530
2019-09-24 00:00:00+00:00,2538
2019-09-25 00:00:00+00:00,2543
2019-09-26 00:00:00+00:00,2546
2019-09-27 00:00:00+00:00,2551
2019-09-28 00:00:00+00:00,2552
2019-09-29 00:00:00+00:00,2556
2019-09-30 00:00:00+00:00,2557
2019-10-01 00:00:00+00:00,2559
2019-10-02 00:00:00+00:00,2561
2019-10-03 00:00:00+00:00,2565
2019-10-05 00:00:00+00:00,2567
2019-10-06 00:00:00+00:00,2568
2019-10-07 00:00:00+00:00,2572
2019-10-09 00:00:00+00:00,2576
2019-10-10 00:00:00+00:00,2581
2019-10-12 00:00:00+00:00,2586
2019-10-13 00:00:00+00:00,2594
2019-10-14 00:00:00+00:00,2599
2019-10-15 00:00:00+00:00,2602
2019-10-16 00:00:00+00:00,2606
2019-10-17 00:00:00+00:00,2610
2019-10-18 00:00:00+00:00,2613
2019-10-19 00:00:00+00:00,2617
2019-10-20 00:00:00+00:00,2618
2019-10-21 00:00:00+00:00,2621
2019-10-22 00:00:00+00:00,2626
2019-10-23 00:00:00+00:00,2631
2019-10-24 00:00:00+00:00,2633
2019-10-25 00:00:00+00:00,2636
2019-10-26 00:00:00+00:00,2639
2019-10-27 00:00:00+00:00,2640
2019-10-28 00:00:00+00:00,2644
2019-10-29 00:00:00+00:00,2648
2019-10-30 00:00:00+00:00,2650
2019-11-01 00:00:00+00:00,2654
2019-11-02 00:00:00+00:00,2659
2019-11-03 00:00:00+00:00,2660
2019-11-04 00:00:00+00:00,2663
2019-11-05 00:00:00+00:00,2668
2019-11-06 00:00:00+00:00,2669
2019-11-07 00:00:00+00:00,2671
2019-11-08 00:00:00+00:00,2675
2019-11-09 00:00:00+00:00,2679
2019-11-10 00:00:00+00:00,2681
2019-11-11 00:00:00+00:00,2686
2019-11-12 00:00:00+00:00,2690
2019-11-13 00:00:00+00:00,2693
2019-11-14 00:00:00+00:00,2698
2019-11-15 00:00:00+00:00,2699
2019-11-17 00:00:00+00:00,2701
2019-11-18 00:00:00+00:00,2705
2019-11-19 00:00:00+00:00,2707
2019-11-20 00:00:00+00:00,2709
2019-11-21 00:00:00+00:00,2712
2019-11-22 00:00:00+00:00,2714
2019-11-24 00:00:00+00:00,2715
2019-11-25 00:00:00+00:00,2718
2019-11-26 00:00:00+00:00,2721
2019-11-27 00:00:00+00:00,2723
2019-11-28 00:00:00+00:00,2725
2019-11-29 00:00:00+00:00,2726
2019-11-30 00:00:00+00:00,2729
2019-12-01 00:00:00+00:00,2733
2019-12-02 00:00:00+00:00,2738
2019-12-03 00:00:00+00:00,2743
2019-12-04 00:00:00+00:00,2748
2019-12-05 00:00:00+00:00,2753
2019-12-06 00:00:00+00:00,2758
2019-12-07 00:00:00+00:00,2761
2019-12-08 00:00:00+00:00,2764
2019-12-09 00:00:00+00:00,2773
2019-12-10 00:00:00+00:00,2775
2019-12-11 00:00:00+00:00,2777
2019-12-12 00:00:00+00:00,2785
2019-12-13 00:00:00+00:00,2790
2019-12-14 00:00:00+00:00,2792
2019-12-16 00:00:00+00:00,2794
2019-12-17 00:00:00+00:00,2795
2019-12-18 00:00:00+00:00,2798
2019-12-19 00:00:00+00:00,2801
2019-12-20 00:00:00+00:00,2807
2019-12-21 00:00:00+00:00,2809
2019-12-22 00:00:00+00:00,2811
2019-12-23 00:00:00+00:00,2816
2019-12-24 00:00:00+00:00,2821
2019-12-25 00:00:00+00:00,2823
2019-12-26 00:00:00+00:00,2824
2019-12-27 00:00:00+00:00,2828
2019-12-29 00:00:00+00:00,2831
2019-12-30 00:00:00+00:00,2834
2019-12-31 00:00:00+00:00,2838
2020-01-01 00:00:00+00:00,2843
2020-01-02 00:00:00+00:00,2845
2020-01-03 00:00:00+00:00,2846
2020-01-04 00:00:00+00:00,2848
2020-01-05 00:00:00+00:00,2855
2020-01-06 00:00:00+00:00,2859
2020-01-08 00:00:00+00:00,2862
2020-01-09 00:00:00+00:00,2863
2020-01-10 00:00:00+00:00,2864
2020-01-11 00:00:00+00:00,2865
2020-01-13 00:00:00+00:00,2867
2020-01-14 00:00:00+00:00,2870
2020-01-15 00:00:00+00:00,2872
2020-01-16 00:00:00+00:00,2873
2020-01-17 00:00:00+00:00,2876
2020-01-18 00:00:00+00:00,2877
2020-01-19 00:00:00+00:00,2883
2020-01-20 00:00:00+00:00,2886
2020-01-21 00:00:00+00:00,2888
2020-01-22 00:00:00+00:00,2889
2020-01-23 00:00:00+00:00,2890
2020-01-24 00:00:00+00:00,2892
2020-01-25 00:00:00+00:00,2893
2020-01-26 00:00:00+00:00,2895
2020-01-27 00:00:00+00:00,2896
2020-01-28 00:00:00+00:00,2898
2020-01-29 00:00:00+00:00,2900
2020-01-30 00:00:00+00:00,2902
2020-01-31 00:00:00+00:00,2903
2020-02-01 00:00:00+00:00,2904
2020-02-02 00:00:00+00:00,2907
2020-02-03 00:00:00+00:00,2911
2020-02-04 00:00:00+00:00,2912
2020-02-05 00:00:00+00:00,2914
2020-02-06 00:00:00+00:00,2917
2020-02-07 00:00:00+00:00,2920
2020-02-08 00:00:00+00:00,2922
2020-02-09 00:00:00+00:00,2926
2020-02-10 00:00:00+00:00,2928
2020-02-12 00:00:00+00:00,2931
2020-02-16 00:00:00+00:00,2932
2020-02-17 00:00:00+00:00,2935
2020-02-18 00:00:00+00:00,2936
2020-02-19 00:00:00+00:00,2940
2020-02-20 00:00:00+00:00,2942
2020-02-21 00:00:00+00:00,2946
2020-02-22 00:00:00+00:00,2948
2020-02-23 00:00:00+00:00,2949
2020-02-24 00:00:00+00:00,2951
2020-02-25 00:00:00+00:00,2954
2020-02-26 00:00:00+00:00,2959
2020-02-27 00:00:00+00:00,2961
2020-02-28 00:00:00+00:00,2965
2020-02-29 00:00:00+00:00,2967
2020-03-01 00:00:00+00:00,2968
2020-03-02 00:00:00+00:00,2969
2020-03-03 00:00:00+00:00,2976
2020-03-04 00:00:00+00:00,2977
2020-03-05 00:00:00+00:00,2981
2020-03-06 00:00:00+00:00,2983
2020-03-07 00:00:00+00:00,2987
2020-03-08 00:00:00+00:00,2991
2020-03-09 00:00:00+00:00,2994
2020-03-11 00:00:00+00:00,2997
2020-03-12 00:00:00+00:00,2998
2020-03-13 00:00:00+00:00,3000
2020-03-14 00:00:00+00:00,3003
2020-03-15 00:00:00+00:00,3006
2020-03-16 00:00:00+00:00,3010
2020-03-17 00:00:00+00:00,3017
2020-03-18 00:00:00+00:00,3020
2020-03-19 00:00:00+00:00,3022
2020-03-20 00:00:00+00:00,3023
2020-03-21 00:00:00+00:00,3029
2020-03-22 00:00:00+00:00,3032
2020-03-23 00:00:00+00:00,3036
2020-03-24 00:00:00+00:00,3038
2020-03-25 00:00:00+00:00,3041
2020-03-26 00:00:00+00:00,3044
2020-03-27 00:00:00+00:00,3045
2020-03-28 00:00:00+00:00,3050
2020-03-29 00:00:00+00:00,3051
2020-03-30 00:00:00+00:00,3053
2020-03-31 00:00:00+00:00,3054
2020-04-01 00:00:00+00:00,3058
2020-04-02 00:00:00+00:00,3059
2020-04-03 00:00:00+00:00,3062
2020-04-04 00:00:00+00:00,3064
2020-04-05 00:00:00+00:00,3066
2020-04-06 00:00:00+00:00,3067
2020-04-07 00:00:00+00:00,3070
2020-04-08 00:00:00+00:00,3074
2020-04-09 00:00:00+00:00,3075
2020-04-11 00:00:00+00:00,3078
2020-04-12 00:00:00+00:00,3079
2020-04-13 00:00:00+00:00,3083
2020-04-14 00:00:00+00:00,3084
2020-04-15 00:00:00+00:00,3086
2020-04-16 00:00:00+00:00,3089
2020-04-17 00:00:00+00:00,3092
2020-04-18 00:00:00+00:00,3093
2020-04-19 00:00:00+00:00,3094
2020-04-20 00:00:00+00:00,3097
2020-04-21 00:00:00+00:00,3100
2020-04-22 00:00:00+00:00,3105
2020-04-23 00:00:00+00:00,3109
2020-04-24 00:00:00+00:00,3111
2020-04-25 00:00:00+00:00,3115
2020-04-26 00:00:00+00:00,3117
2020-04-27 00:00:00+00:00,3121
2020-04-28 00:00:00+00:00,3123
2020-04-29 00:00:00+00:00,3124
2020-04-30 00:00:00+00:00,3127
2020-05-02 00:00:00+00:00,3129
2020-05-03 00:00:00+00:00,3133
2020-05-04 00:00:00+00:00,3136
2020-05-05 00:00:00+00:00,3138
2020-05-07 00:00:00+00:00,3139
2020-05-11 00:00:00+00:00,3140
2020-05-12 00:00:00+00:00,3142
2020-05-13 00:00:00+00:00,3144
2020-05-14 00:00:00+00:00,3145
2020-05-15 00:00:00+00:00,3147
2020-05-16 00:00:00+00:00,3148
2020-05-17 00:00:00+00:00,3150
2020-05-18 00:00:00+00:00,3155
2020-05-19 00:00:00+00:00,3158
2020-05-20 00:00:00+00:00,3162
2020-05-21 00:00:00+00:00,3164
2020-05-22 00:00:00+00:00,3166
2020-05-23 00:00:00+00:00,3169
2020-05-24 00:00:00+00:00,3171
2020-05-27 00:00:00+00:00,3173
2020-05-28 00:00:00+00:00,3176
2020-05-29 00:00:00+00:00,3178
2020-05-30 00:00:00+00:00,3182
2020-05-31 00:00:00+00:00,3183
2020-06-04 00:00:00+00:00,3185
2020-06-05 00:00:00+00:00,3187
2020-06-07 00:00:00+00:00,3189
2020-06-08 00:00:00+00:00,3190
2020-06-10 00:00:00+00:00,3192
2020-06-11 00:00:00+00:00,3193
2020-06-12 00:00:00+00:00,3194
2020-06-13 00:00:00+00:00,3197
2020-06-14 00:00:00+00:00,3198
2020-06-15 00:00:00+00:00,3199
2020-06-16 00:00:00+00:00,3202
2020-06-17 00:00:00+00:00,3204
2020-06-18 00:00:00+00:00,3205
2020-06-20 00:00:00+00:00,3206
2020-06-22 00:00:00+00:00,3207
2020-06-23 00:00:00+00:00,3211
2020-06-24 00:00:00+00:00,3214
2020-06-25 00:00:00+00:00,3216
2020-06-26 00:00:00+00:00,3219
2020-06-27 00:00:00+00:00,3220
2020-06-28 00:00:00+00:00,3221
2020-06-29 00:00:00+00:00,3224
2020-06-30 00:00:00+00:00,3226
2020-07-01 00:00:00+00:00,3229
2020-07-02 00:00:00+00:00,3232
2020-07-03 00:00:00+00:00,3233
2020-07-04 00:00:00+00:00,3235
2020-07-05 00:00:00+00:00,3237
2020-07-06 00:00:00+00:00,3238
2020-07-07 00:00:00+00:00,3239
2020-07-08 00:00:00+00:00,3241
2020-07-09 00:00:00+00:00,3244
2020-07-10 00:00:00+00:00,3245
2020-07-11 00:00:00+00:00,3246
2020-07-12 00:00:00+00:00,3247
2020-07-14 00:00:00+00:00,3249
2020-07-15 00:00:00+00:00,3252
2020-07-16 00:00:00+00:00,3254
2020-07-17 00:00:00+00:00,3255
2020-07-19 00:00:00+00:00,3256
2020-07-20 00:00:00+00:00,3260
2020-07-21 00:00:00+00:00,3262
2020-07-22 00:00:00+00:00,3264
2020-07-24 00:00:00+00:00,3269
2020-07-25 00:00:00+00:00,3271
2020-07-26 00:00:00+00:00,3273
2020-07-27 00:00:00+00:00,3276
2020-07-29 00:00:00+00:00,3279
2020-07-30 00:00:00+00:00,3280
2020-07-31 00:00:00+00:00,3283
2020-08-01 00:00:00+00:00,3285
2020-08-04 00:00:00+00:00,3287
2020-08-05 00:00:00+00:00,3290
2020-08-06 00:00:00+00:00,3291
2020-08-07 00:00:00+00:00,3292
2020-08-08 00:00:00+00:00,3293
2020-08-10 00:00:00+00:00,3295
2020-08-12 00:00:00+00:00,3296
2020-08-13 00:00:00+00:00,3298
2020-08-14 00:00:00+00:00,3300
2020-08-15 00:00:00+00:00,3301
2020-08-17 00:00:00+00:00,3303
2020-08-18 00:00:00+00:00,3305
2020-08-19 00:00:00+00:00,3307
2020-08-20 00:00:00+00:00,3310
2020-08-21 00:00:00+00:00,3312
2020-08-22 00:00:00+00:00,3314
2020-08-24 00:00:00+00:00,3315
2020-08-25 00:00:00+00:00,3319
2020-08-26 00:00:00+00:00,3321
2020-08-27 00:00:00+00:00,3326
2020-08-28 00:00:00+00:00,3327
2020-08-29 00:00:00+00:00,3329
2020-08-31 00:00:00+00:00,3331
2020-09-01 00:00:00+00:00,3334
2020-09-02 00:00:00+00:00,3337
2020-09-03 00:00:00+00:00,3338
2020-09-04 00:00:00+00:00,3340
2020-09-05 00:00:00+00:00,3341
2020-09-06 00:00:00+00:00,3342
2020-09-08 00:00:00+00:00,3343
2020-09-09 00:00:00+00:00,3347
2020-09-10 00:00:00+00:00,3349
2020-09-12 00:00:00+00:00,3350
2020-09-13 00:00:00+00:00,3352
2020-09-14 00:00:00+00:00,3356
2020-09-15 00:00:00+00:00,3357
2020-09-17 00:00:00+00:00,3359
2020-09-18 00:00:00+00:00,3361
2020-09-19 00:00:00+00:00,3362
2020-09-20 00:00:00+00:00,3365
2020-09-21 00:00:00+00:00,3369
2020-09-22 00:00:00+00:00,3371
2020-09-23 00:00:00+00:00,3375
2020-09-24 00:00:00+00:00,3379
2020-09-25 00:00:00+00:00,3384
2020-09-27 00:00:00+00:00,3386
2020-09-28 00:00:00+00:00,3388
2020-09-29 00:00:00+00:00,3389
2020-09-30 00:00:00+00:00,3390
2020-10-03 00:00:00+00:00,3391
2020-10-05 00:00:00+00:00,3392
2020-10-06 00:00:00+00:00,3393
2020-10-09 00:00:00+00:00,3394
2020-10-10 00:00:00+00:00,3395
2020-10-11 00:00:00+00:00,3399
2020-10-12 00:00:00+00:00,3401
2020-10-13 00:00:00+00:00,3404
2020-10-15 00:00:00+00:00,3405
2020-10-16 00:00:00+00:00,3407
2020-10-17 00:00:00+00:00,3408
2020-10-20 00:00:00+00:00,3411
2020-10-21 00:00:00+00:00,3413
2020-10-23 00:00:00+00:00,3414
2020-10-25 00:00:00+00:00,3416
2020-10-26 00:00:00+00:00,3418
2020-10-27 00:00:00+00:00,3421
2020-10-28 00:00:00+00:00,3424
2020-10-29 00:00:00+00:00,3427
2020-10-30 00:00:00+00:00,3428
2020-11-01 00:00:00+00:00,3429
2020-11-02 00:00:00+00:00,3431
2020-11-03 00:00:00+00:00,3435
2020-11-04 00:00:00+00:00,3437
2020-11-05 00:00:00+00:00,3439
2020-11-06 00:00:00+00:00,3440
2020-11-07 00:00:00+00:00,3442
2020-11-09 00:00:00+00:00,3446
2020-11-10 00:00:00+00:00,3449
2020-11-12 00:00:00+00:00,3450
2020-11-13 00:00:00+00:00,3451
2020-11-14 00:00:00+00:00,3452
2020-11-15 00:00:00+00:00,3455
2020-11-17 00:00:00+00:00,3456
2020-11-18 00:00:00+00:00,3459
2020-11-19 00:00:00+00:00,3464
2020-11-20 00:00:00+00:00,3466
2020-11-21 00:00:00+00:00,3468
2020-11-22 00:00:00+00:00,3469
2020-11-23 00:00:00+00:00,3474
2020-11-24 00:00:00+00:00,3482
2020-11-25 00:00:00+00:00,3486
2020-11-26 00:00:00+00:00,3487
2020-11-27 00:00:00+00:00,3489
2020-11-28 00:00:00+00:00,3493
2020-11-30 00:00:00+00:00,3495
2020-12-01 00:00:00+00:00,3496
2020-12-02 00:00:00+00:00,3498
2020-12-04 00:00:00+00:00,3499
2020-12-05 00:00:00+00:00,3501
2020-12-06 00:00:00+00:00,3502
2020-12-07 00:00:00+00:00,3504
2020-12-08 00:00:00+00:00,3505
2020-12-09 00:00:00+00:00,3506
2020-12-10 00:00:00+00:00,3508
2020-12-11 00:00:00+00:00,3512
2020-12-12 00:00:00+00:00,3517
2020-12-13 00:00:00+00:00,3518
2020-12-14 00:00:00+00:00,3520
2020-12-15 00:00:00+00:00,3522
2020-12-16 00:00:00+00:00,3524
2020-12-17 00:00:00+00:00,3525
2020-12-18 00:00:00+00:00,3526
2020-12-19 00:00:00+00:00,3527
2020-12-20 00:00:00+00:00,3528
2020-12-21 00:00:00+00:00,3532
2020-12-22 00:00:00+00:00,3536
2020-12-23 00:00:00+00:00,3537
2020-12-25 00:00:00+00:00,3540
2020-12-26 00:00:00+00:00,3541
2020-12-28 00:00:00+00:00,3544
2020-12-29 00:00:00+00:00,3546
2020-12-30 00:00:00+00:00,3547
2021-01-02 00:00:00+00:00,3548
2021-01-03 00:00:00+00:00,3549
2021-01-04 00:00:00+00:00,3551
2021-01-05 00:00:00+00:00,3553
2021-01-06 00:00:00+00:00,3555
2021-01-07 00:00:00+00:00,3558
2021-01-08 00:00:00+00:00,3560
2021-01-09 00:00:00+00:00,3563
2021-01-10 00:00:00+00:00,3564
2021-01-11 00:00:00+00:00,3565
2021-01-12 00:00:00+00:00,3566
2021-01-13 00:00:00+00:00,3570
2021-01-14 00:00:00+00:00,3572
2021-01-16 00:00:00+00:00,3573
2021-01-19 00:00:00+00:00,3575
2021-01-20 00:00:00+00:00,3577
2021-01-21 00:00:00+00:00,3578
2021-01-22 00:00:00+00:00,3579
2021-01-25 00:00:00+00:00,3582
2021-01-26 00:00:00+00:00,3585
2021-01-27 00:00:00+00:00,3586
2021-01-30 00:00:00+00:00,3587
2021-01-31 00:00:00+00:00,3589
2021-02-01 00:00:00+00:00,3590
2021-02-02 00:00:00+00:00,3595
2021-02-03 00:00:00+00:00,3598
2021-02-05 00:00:00+00:00,3599
2021-02-06 00:00:00+00:00,3600
2021-02-07 00:00:00+00:00,3601
2021-02-08 00:00:00+00:00,3603
2021-02-10 00:00:00+00:00,3606
2021-02-12 00:00:00+00:00,3607
2021-02-13 00:00:00+00:00,3609
2021-02-14 00:00:00+00:00,3610
2021-02-15 00:00:00+00:00,3612
2021-02-16 00:00:00+00:00,3613
2021-02-17 00:00:00+00:00,3614
2021-02-18 00:00:00+00:00,3617
2021-02-19 00:00:00+00:00,3618
2021-02-20 00:00:00+00:00,3620
2021-02-21 00:00:00+00:00,3621
2021-02-22 00:00:00+00:00,3623
2021-02-23 00:00:00+00:00,3624
2021-02-24 00:00:00+00:00,3626
2021-02-26 00:00:00+00:00,3627
2021-02-27 00:00:00+00:00,3628
2021-02-28 00:00:00+00:00,3629
2021-03-01 00:00:00+00:00,3631
2021-03-02 00:00:00+00:00,3632
2021-03-03 00:00:00+00:00,3633
2021-03-04 00:00:00+00:00,3638
2021-03-09 00:00:00+00:00,3640
2021-03-10 00:00:00+00:00,3641
2021-03-11 00:00:00+00:00,3642
2021-03-12 00:00:00+00:00,3643
2021-03-15 00:00:00+00:00,3645
2021-03-16 00:00:00+00:00,3648
2021-03-18 00:00:00+00:00,3650
2021-03-19 00:00:00+00:00,3653
2021-03-20 00:00:00+00:00,3655
2021-03-22 00:00:00+00:00,3656
2021-03-23 00:00:00+00:00,3658
2021-03-25 00:00:00+00:00,3660
2021-03-26 00:00:00+00:00,3661
2021-03-29 00:00:00+00:00,3663
2021-03-30 00:00:00+00:00,3665
2021-03-31 00:00:00+00:00,3666
2021-04-01 00:00:00+00:00,3670
2021-04-02 00:00:00+00:00,3672
2021-04-05 00:00:00+00:00,3674
2021-04-06 00:00:00+00:00,3676
2021-04-07 00:00:00+00:00,3679
2021-04-08 00:00:00+00:00,3682
2021-04-09 00:00:00+00:00,3683
2021-04-11 00:00:00+00:00,3686
2021-04-12 00:00:00+00:00,3687
2021-04-14 00:00:00+00:00,3690
2021-04-15 00:00:00+00:00,3692
2021-04-17 00:00:00+00:00,3693
2021-04-18 00:00:00+00:00,3694
2021-04-19 00:00:00+00:00,3696
2021-04-20 00:00:00+00:00,3697
2021-04-21 00:00:00+00:00,3700
2021-04-22 00:00:00+00:00,3703
2021-04-23 00:00:00+00:00,3706
2021-04-24 00:00:00+00:00,3709
2021-04-25 00:00:00+00:00,3711
2021-04-26 00:00:00+00:00,3713
2021-04-27 00:00:00+00:00,3716
2021-04-28 00:00:00+00:00,3718
2021-04-29 00:00:00+00:00,3719
2021-04-30 00:00:00+00:00,3720
2021-05-01 00:00:00+00:00,3721
2021-05-02 00:00:00+00:00,3722
2021-05-03 00:00:00+00:00,3723
2021-05-04 00:00:00+00:00,3724
2021-05-05 00:00:00+00:00,3726
2021-05-06 00:00:00+00:00,3730
2021-05-08 00:00:00+00:00,3731
2021-05-10 00:00:00+00:00,3734
2021-05-11 00:00:00+00:00,3736
2021-05-12 00:00:00+00:00,3737
2021-05-13 00:00:00+00:00,3739
2021-05-14 00:00:00+00:00,3740
2021-05-15 00:00:00+00:00,3741
2021-05-17 00:00:00+00:00,3743
2021-05-19 00:00:00+00:00,3744
2021-05-20 00:00:00+00:00,3748
2021-05-24 00:00:00+00:00,3751
2021-05-28 00:00:00+00:00,3755
2021-05-29 00:00:00+00:00,3758
2021-05-31 00:00:00+00:00,3759
2021-06-02 00:00:00+00:00,3760
2021-06-04 00:00:00+00:00,3762
2021-06-05 00:00:00+00:00,3763
2021-06-06 00:00:00+00:00,3765
2021-06-07 00:00:00+00:00,3766
2021-06-08 00:00:00+00:00,3767
2021-06-09 00:00:00+00:00,3769
2021-06-11 00:00:00+00:00,3770
2021-06-12 00:00:00+00:00,3771
2021-06-15 00:00:00+00:00,3772
2021-06-16 00:00:00+00:00,3773
2021-06-17 00:00:00+00:00,3775
2021-06-18 00:00:00+00:00,3779
2021-06-19 00:00:00+00:00,3780
2021-06-20 00:00:00+00:00,3783
2021-06-22 00:00:00+00:00,3785
2021-06-23 00:00:00+00:00,3786
2021-06-25 00:00:00+00:00,3787
2021-06-27 00:00:00+00:00,3788
2021-06-28 00:00:00+00:00,3789
2021-06-29 00:00:00+00:00,3790
2021-06-30 00:00:00+00:00,3791
2021-07-04 00:00:00+00:00,3792
2021-07-05 00:00:00+00:00,3793
2021-07-06 00:00:00+00:00,3794
2021-07-07 00:00:00+00:00,3796
2021-07-08 00:00:00+00:00,3797
2021-07-10 00:00:00+00:00,3799
2021-07-12 00:00:00+00:00,3801
2021-07-14 00:00:00+00:00,3806
2021-07-15 00:00:00+00:00,3808
2021-07-16 00:00:00+00:00,3809
2021-07-17 00:00:00+00:00,3810
2021-07-18 00:00:00+00:00,3811
2021-07-19 00:00:00+00:00,3812
2021-07-22 00:00:00+00:00,3814
2021-07-23 00:00:00+00:00,3815
2021-07-24 00:00:00+00:00,3817
2021-07-26 00:00:00+00:00,3818
2021-07-27 00:00:00+00:00,3819
2021-07-28 00:00:00+00:00,3820
2021-07-29 00:00:00+00:00,3821
2021-07-30 00:00:00+00:00,3822
2021-08-03 00:00:00+00:00,3823
2021-08-05 00:00:00+00:00,3824
2021-08-06 00:00:00+00:00,3825
2021-08-07 00:00:00+00:00,3828
2021-08-08 00:00:00+00:00,3829
2021-08-10 00:00:00+00:00,3831
2021-08-11 00:00:00+00:00,3832
2021-08-12 00:00:00+00:00,3833
2021-08-13 00:00:00+00:00,3835
2021-08-14 00:00:00+00:00,3836
2021-08-15 00:00:00+00:00,3837
2021-08-16 00:00:00+00:00,3839
2021-08-17 00:00:00+00:00,3840
2021-08-22 00:00:00+00:00,3841
2021-08-23 00:00:00+00:00,3842
2021-08-25 00:00:00+00:00,3845
2021-08-26 00:00:00+00:00,3846
2021-08-27 00:00:00+00:00,3849
2021-08-28 00:00:00+00:00,3850
2021-08-31 00:00:00+00:00,3851
2021-09-01 00:00:00+00:00,3853
2021-09-02 00:00:00+00:00,3854
2021-09-03 00:00:00+00:00,3855
2021-09-04 00:00:00+00:00,3857
2021-09-06 00:00:00+00:00,3858
2021-09-07 00:00:00+00:00,3860
2021-09-08 00:00:00+00:00,3863
2021-09-10 00:00:00+00:00,3865
2021-09-11 00:00:00+00:00,3866
2021-09-14 00:00:00+00:00,3868
2021-09-16 00:00:00+00:00,3869
2021-09-17 00:00:00+00:00,3870
2021-09-18 00:00:00+00:00,3872
2021-09-20 00:00:00+00:00,3875
2021-09-22 00:00:00+00:00,3877
2021-09-23 00:00:00+00:00,3879
2021-09-24 00:00:00+00:00,3881
2021-09-27 00:00:00+00:00,3884
2021-09-29 00:00:00+00:00,3888
2021-09-30 00:00:00+00:00,3890
2021-10-01 00:00:00+00:00,3891
2021-10-04 00:00:00+00:00,3892
2021-10-07 00:00:00+00:00,3894
2021-10-08 00:00:00+00:00,3895
2021-10-09 00:00:00+00:00,3896
2021-10-10 00:00:00+00:00,3897
2021-10-11 00:00:00+00:00,3899
2021-10-12 00:00:00+00:00,3900
2021-10-13 00:00:00+00:00,3902
2021-10-14 00:00:00+00:00,3905
2021-10-15 00:00:00+00:00,3908
2021-10-16 00:00:00+00:00,3909
2021-10-18 00:00:00+00:00,3910
2021-10-20 00:00:00+00:00,3911
2021-10-21 00:00:00+00:00,3912
2021-10-23 00:00:00+00:00,3913
2021-10-24 00:00:00+00:00,3914
2021-10-25 00:00:00+00:00,3915
2021-10-27 00:00:00+00:00,3917
2021-10-28 00:00:00+00:00,3919
2021-10-29 00:00:00+00:00,3921
2021-11-01 00:00:00+00:00,3922
2021-11-03 00:00:00+00:00,3924
2021-11-05 00:00:00+00:00,3925
2021-11-06 00:00:00+00:00,3926
2021-11-07 00:00:00+00:00,3927
2021-11-09 00:00:00+00:00,3928
2021-11-10 00:00:00+00:00,3930
2021-11-11 00:00:00+00:00,3931
2021-11-14 00:00:00+00:00,3933
2021-11-15 00:00:00+00:00,3936
2021-11-16 00:00:00+00:00,3940
2021-11-17 00:00:00+00:00,3941
2021-11-18 00:00:00+00:00,3942
2021-11-20 00:00:00+00:00,3943
2021-11-21 00:00:00+00:00,3945
2021-11-22 00:00:00+00:00,3946
2021-11-23 00:00:00+00:00,3947
2021-11-24 00:00:00+00:00,3949
2021-11-26 00:00:00+00:00,3951
2021-11-27 00:00:00+00:00,3953
2021-11-30 00:00:00+00:00,3954
2021-12-01 00:00:00+00:00,3955
2021-12-02 00:00:00+00:00,3959
2021-12-03 00:00:00+00:00,3960
2021-12-05 00:00:00+00:00,3961
2021-12-07 00:00:00+00:00,3963
2021-12-09 00:00:00+00:00,3964
2021-12-12 00:00:00+00:00,3966
2021-12-13 00:00:00+00:00,3968
2021-12-14 00:00:00+00:00,3970
2021-12-16 00:00:00+00:00,3972
2021-12-18 00:00:00+00:00,3973
2021-12-19 00:00:00+00:00,3974
2021-12-21 00:00:00+00:00,3977
2021-12-22 00:00:00+00:00,3978
2021-12-23 00:00:00+00:00,3980
2021-12-27 00:00:00+00:00,3981
2021-12-29 00:00:00+00:00,3982
2021-12-30 00:00:00+00:00,3983
2022-01-03 00:00:00+00:00,3985
2022-01-04 00:00:00+00:00,3986
2022-01-06 00:00:00+00:00,3989
2022-01-09 00:00:00+00:00,3992
2022-01-10 00:00:00+00:00,3993
2022-01-11 00:00:00+00:00,3994
2022-01-12 00:00:00+00:00,3995
2022-01-13 00:00:00+00:00,3997
2022-01-14 00:00:00+00:00,4001
2022-01-15 00:00:00+00:00,4002
2022-01-16 00:00:00+00:00,4003
2022-01-17 00:00:00+00:00,4004
2022-01-19 00:00:00+00:00,4006
2022-01-21 00:00:00+00:00,4009
2022-01-24 00:00:00+00:00,4011
2022-01-25 00:00:00+00:00,4012
2022-01-26 00:00:00+00:00,4016
2022-01-28 00:00:00+00:00,4019
2022-01-29 00:00:00+00:00,4020
2022-01-30 00:00:00+00:00,4022
2022-02-02 00:00:00+00:00,4023
2022-02-03 00:00:00+00:00,4025
2022-02-04 00:00:00+00:00,4026
2022-02-05 00:00:00+00:00,4028
2022-02-07 00:00:00+00:00,4029
2022-02-08 00:00:00+00:00,4030
2022-02-09 00:00:00+00:00,4034
2022-02-10 00:00:00+00:00,4037
2022-02-13 00:00:00+00:00,4038
2022-02-15 00:00:00+00:00,4039
2022-02-16 00:00:00+00:00,4041
2022-02-17 00:00:00+00:00,4042
2022-02-18 00:00:00+00:00,4043
2022-02-19 00:00:00+00:00,4044
2022-02-21 00:00:00+00:00,4045
2022-02-22 00:00:00+00:00,4046
2022-02-24 00:00:00+00:00,4047
2022-02-25 00:00:00+00:00,4048
2022-02-26 00:00:00+00:00,4050
2022-02-27 00:00:00+00:00,4051
2022-02-28 00:00:00+00:00,4054
2022-03-01 00:00:00+00:00,4056
2022-03-02 00:00:00+00:00,4057
2022-03-03 00:00:00+00:00,4058
2022-03-04 00:00:00+00:00,4059
2022-03-05 00:00:00+00:00,4062
2022-03-07 00:00:00+00:00,4063
2022-03-08 00:00:00+00:00,4064
2022-03-10 00:00:00+00:00,4065
2022-03-12 00:00:00+00:00,4067
2022-03-15 00:00:00+00:00,4069
2022-03-16 00:00:00+00:00,4073
2022-03-17 00:00:00+00:00,4074
2022-03-18 00:00:00+00:00,4076
2022-03-19 00:00:00+00:00,4078
2022-03-20 00:00:00+00:00,4080
2022-03-21 00:00:00+00:00,4082
2022-03-22 00:00:00+00:00,4083
2022-03-24 00:00:00+00:00,4086
2022-03-26 00:00:00+00:00,4090
2022-03-27 00:00:00+00:00,4093
2022-03-29 00:00:00+00:00,4094
2022-03-30 00:00:00+00:00,4096
2022-04-01 00:00:00+00:00,4097
2022-04-04 00:00:00+00:00,4098
2022-04-06 00:00:00+00:00,4099
2022-04-07 00:00:00+00:00,4100
2022-04-08 00:00:00+00:00,4101
2022-04-09 00:00:00+00:00,4105
2022-04-10 00:00:00+00:00,4106
2022-04-12 00:00:00+00:00,4107
2022-04-13 00:00:00+00:00,4108
2022-04-14 00:00:00+00:00,4112
2022-04-15 00:00:00+00:00,4113
2022-04-16 00:00:00+00:00,4115
2022-04-18 00:00:00+00:00,4117
2022-04-19 00:00:00+00:00,4121
2022-04-20 00:00:00+00:00,4125
2022-04-21 00:00:00+00:00,4126
2022-04-22 00:00:00+00:00,4128
2022-04-25 00:00:00+00:00,4129
2022-04-26 00:00:00+00:00,4130
2022-04-29 00:00:00+00:00,4134
2022-04-30 00:00:00+00:00,4135
2022-05-01 00:00:00+00:00,4136
2022-05-02 00:00:00+00:00,4138
2022-05-03 00:00:00+00:00,4140
2022-05-04 00:00:00+00:00,4141
2022-05-05 00:00:00+00:00,4142
2022-05-09 00:00:00+00:00,4144
2022-05-10 00:00:00+00:00,4145
2022-05-12 00:00:00+00:00,4148
2022-05-13 00:00:00+00:00,4149
2022-05-14 00:00:00+00:00,4150
2022-05-15 00:00:00+00:00,4151
2022-05-17 00:00:00+00:00,4155
2022-05-18 00:00:00+00:00,4156
2022-05-19 00:00:00+00:00,4159
2022-05-20 00:00:00+00:00,4160
2022-05-21 00:00:00+00:00,4162
2022-05-22 00:00:00+00:00,4164
2022-05-23 00:00:00+00:00,4166
2022-05-24 00:00:00+00:00,4167
2022-05-25 00:00:00+00:00,4172
2022-05-26 00:00:00+00:00,4174
2022-05-27 00:00:00+00:00,4175
2022-05-28 00:00:00+00:00,4176
2022-05-29 00:00:00+00:00,4178
2022-05-31 00:00:00+00:00,4181
2022-06-01 00:00:00+00:00,4184
2022-06-02 00:00:00+00:00,4187
2022-06-04 00:00:00+00:00,4188
2022-06-05 00:00:00+00:00,4190
2022-06-07 00:00:00+00:00,4192
2022-06-08 00:00:00+00:00,4196
2022-06-10 00:00:00+00:00,4197
2022-06-11 00:00:00+00:00,4199
2022-06-12 00:00:00+00:00,4202
2022-06-13 00:00:00+00:00,4203
2022-06-14 00:00:00+00:00,4206
2022-06-15 00:00:00+00:00,4208
2022-06-16 00:00:00+00:00,4210
2022-06-17 00:00:00+00:00,4211
2022-06-21 00:00:00+00:00,4213
2022-06-22 00:00:00+00:00,4217
2022-06-24 00:00:00+00:00,4220
2022-06-26 00:00:00+00:00,4224
2022-06-27 00:00:00+00:00,4229
2022-06-28 00:00:00+00:00,4230
2022-06-29 00:00:00+00:00,4231
2022-06-30 00:00:00+00:00,4233
2022-07-01 00:00:00+00:00,4235
2022-07-03 00:00:00+00:00,4237
2022-07-04 00:00:00+00:00,4243
2022-07-05 00:00:00+00:00,4244
2022-07-06 00:00:00+00:00,4249
2022-07-07 00:00:00+00:00,4251
2022-07-08 00:00:00+00:00,4252
2022-07-09 00:00:00+00:00,4253
2022-07-11 00:00:00+00:00,4255
2022-07-12 00:00:00+00:00,4257
2022-07-13 00:00:00+00:00,4260
2022-07-16 00:00:00+00:00,4262
2022-07-17 00:00:00+00:00,4264
2022-07-19 00:00:00+00:00,4267
2022-07-20 00:00:00+00:00,4269
2022-07-21 00:00:00+00:00,4272
2022-07-22 00:00:00+00:00,4273
2022-07-23 00:00:00+00:00,4274
2022-07-24 00:00:00+00:00,4275
2022-07-25 00:00:00+00:00,4276
2022-07-27 00:00:00+00:00,4278
2022-07-28 00:00:00+00:00,4283
2022-07-29 00:00:00+00:00,4287
2022-07-30 00:00:00+00:00,4288
2022-08-02 00:00:00+00:00,4289
2022-08-03 00:00:00+00:00,4290
2022-08-04 00:00:00+00:00,4291
2022-08-05 00:00:00+00:00,4292
2022-08-09 00:00:00+00:00,4296
2022-08-10 00:00:00+00:00,4298
2022-08-12 00:00:00+00:00,4299
2022-08-14 00:00:00+00:00,4300
2022-08-15 00:00:00+00:00,4305
2022-08-16 00:00:00+00:00,4306
2022-08-17 00:00:00+00:00,4308
2022-08-18 00:00:00+00:00,4310
2022-08-19 00:00:00+00:00,4311
2022-08-20 00:00:00+00:00,4313
2022-08-21 00:00:00+00:00,4314
2022-08-22 00:00:00+00:00,4315
2022-08-25 00:00:00+00:00,4316
2022-08-26 00:00:00+00:00,4317
2022-08-28 00:00:00+00:00,4318
2022-08-30 00:00:00+00:00,4322
2022-08-31 00:00:00+00:00,4323
2022-09-02 00:00:00+00:00,4325
2022-09-04 00:00:00+00:00,4327
2022-09-07 00:00:00+00:00,4329
2022-09-09 00:00:00+00:00,4331
2022-09-10 00:00:00+00:00,4332
2022-09-11 00:00:00+00:00,4334
2022-09-14 00:00:00+00:00,4335
2022-09-16 00:00:00+00:00,4337
2022-09-17 00:00:00+00:00,4338
2022-09-18 00:00:00+00:00,4339
2022-09-22 00:00:00+00:00,4341
2022-09-24 00:00:00+00:00,4342
2022-09-25 00:00:00+00:00,4344
2022-09-26 00:00:00+00:00,4345
2022-09-28 00:00:00+00:00,4351
2022-09-29 00:00:00+00:00,4358
2022-09-30 00:00:00+00:00,4371
2022-10-01 00:00:00+00:00,4376
2022-10-02 00:00:00+00:00,4383
2022-10-03 00:00:00+00:00,4386
2022-10-04 00:00:00+00:00,4392
2022-10-05 00:00:00+00:00,4398
2022-10-06 00:00:00+00:00,4403
2022-10-07 00:00:00+00:00,4406
2022-10-08 00:00:00+00:00,4410
2022-10-09 00:00:00+00:00,4419
2022-10-10 00:00:00+00:00,4426
2022-10-11 00:00:00+00:00,4433
2022-10-12 00:00:00+00:00,4440
2022-10-13 00:00:00+00:00,4444
2022-10-14 00:00:00+00:00,4450
2022-10-15 00:00:00+00:00,4453
2022-10-16 00:00:00+00:00,4458
2022-10-17 00:00:00+00:00,4464
2022-10-18 00:00:00+00:00,4470
2022-10-19 00:00:00+00:00,4473
2022-10-20 00:00:00+00:00,4478
2022-10-21 00:00:00+00:00,4482
2022-10-22 00:00:00+00:00,4484
2022-10-23 00:00:00+00:00,4487
2022-10-24 00:00:00+00:00,4495
2022-10-25 00:00:00+00:00,4497
2022-10-26 00:00:00+00:00,4501
2022-10-27 00:00:00+00:00,4504
2022-10-28 00:00:00+00:00,4507
2022-10-29 00:00:00+00:00,4510
2022-10-30 00:00:00+00:00,4513
2022-10-31 00:00:00+00:00,4517
2022-11-01 00:00:00+00:00,4525
2022-11-02 00:00:00+00:00,4534
2022-11-03 00:00:00+00:00,4537
2022-11-04 00:00:00+00:00,4540
2022-11-05 00:00:00+00:00,4543
2022-11-06 00:00:00+00:00,4544
2022-11-07 00:00:00+00:00,4546
2022-11-08 00:00:00+00:00,4556
2022-11-09 00:00:00+00:00,4561
2022-11-10 00:00:00+00:00,4564
2022-11-11 00:00:00+00:00,4570
2022-11-12 00:00:00+00:00,4571
2022-11-13 00:00:00+00:00,4573
2022-11-14 00:00:00+00:00,4578
2022-11-15 00:00:00+00:00,4580
2022-11-16 00:00:00+00:00,4582
2022-11-17 00:00:00+00:00,4590
2022-11-18 00:00:00+00:00,4595
2022-11-19 00:00:00+00:00,4597
2022-11-20 00:00:00+00:00,4600
2022-11-21 00:00:00+00:00,4606
2022-11-22 00:00:00+00:00,4608
2022-11-23 00:00:00+00:00,4616
2022-11-24 00:00:00+00:00,4619
2022-11-25 00:00:00+00:00,4626
2022-11-26 00:00:00+00:00,4629
2022-11-27 00:00:00+00:00,4632
2022-11-28 00:00:00+00:00,4639
2022-11-29 00:00:00+00:00,4644
2022-11-30 00:00:00+00:00,4646
2022-12-01 00:00:00+00:00,4650
2022-12-02 00:00:00+00:00,4651
2022-12-03 00:00:00+00:00,4655
2022-12-04 00:00:00+00:00,4657
2022-12-05 00:00:00+00:00,4664
2022-12-06 00:00:00+00:00,4667
2022-12-07 00:00:00+00:00,4669
2022-12-08 00:00:00+00:00,4673
2022-12-09 00:00:00+00:00,4678
2022-12-10 00:00:00+00:00,4682
2022-12-11 00:00:00+00:00,4683
2022-12-12 00:00:00+00:00,4691
2022-12-13 00:00:00+00:00,4698
2022-12-14 00:00:00+00:00,4700
2022-12-15 00:00:00+00:00,4706
2022-12-16 00:00:00+00:00,4711
2022-12-17 00:00:00+00:00,4712
2022-12-18 00:00:00+00:00,4713
2022-12-19 00:00:00+00:00,4716
2022-12-20 00:00:00+00:00,4721
2022-12-21 00:00:00+00:00,4727
2022-12-22 00:00:00+00:00,4730
2022-12-23 00:00:00+00:00,4734
2022-12-24 00:00:00+00:00,4737
2022-12-25 00:00:00+00:00,4738
2022-12-27 00:00:00+00:00,4741
2022-12-28 00:00:00+00:00,4747
2022-12-29 00:00:00+00:00,4750
2022-12-30 00:00:00+00:00,4755
2022-12-31 00:00:00+00:00,4757
2023-01-01 00:00:00+00:00,4759
2023-01-02 00:00:00+00:00,4760
2023-01-03 00:00:00+00:00,4767
2023-01-04 00:00:00+00:00,4772
2023-01-05 00:00:00+00:00,4776
2023-01-06 00:00:00+00:00,4779
2023-01-08 00:00:00+00:00,4782
2023-01-09 00:00:00+00:00,4787
2023-01-10 00:00:00+00:00,4789
2023-01-11 00:00:00+00:00,4790
2023-01-12 00:00:00+00:00,4798
2023-01-13 00:00:00+00:00,4803
2023-01-14 00:00:00+00:00,4805
2023-01-15 00:00:00+00:00,4806
2023-01-16 00:00:00+00:00,4810
2023-01-17 00:00:00+00:00,4814
2023-01-18 00:00:00+00:00,4817
2023-01-19 00:00:00+00:00,4821
2023-01-20 00:00:00+00:00,4824
2023-01-21 00:00:00+00:00,4825
2023-01-22 00:00:00+00:00,4826
2023-01-23 00:00:00+00:00,4830
2023-01-24 00:00:00+00:00,4834
2023-01-25 00:00:00+00:00,4835
2023-01-26 00:00:00+00:00,4838
2023-01-27 00:00:00+00:00,4842
2023-01-28 00:00:00+00:00,4847
2023-01-29 00:00:00+00:00,4849
2023-01-30 00:00:00+00:00,4851
2023-01-31 00:00:00+00:00,4856
2023-02-01 00:00:00+00:00,4861
2023-02-02 00:00:00+00:00,4863
2023-02-03 00:00:00+00:00,4869
2023-02-04 00:00:00+00:00,4875
2023-02-05 00:00:00+00:00,4884
2023-02-06 00:00:00+00:00,4890
2023-02-07 00:00:00+00:00,4894
2023-02-08 00:00:00+00:00,4897
2023-02-09 00:00:00+00:00,4899
2023-02-10 00:00:00+00:00,4903
2023-02-12 00:00:00+00:00,4907
2023-02-13 00:00:00+00:00,4916
2023-02-14 00:00:00+00:00,4919
2023-02-15 00:00:00+00:00,4923
2023-02-16 00:00:00+00:00,4928
2023-02-17 00:00:00+00:00,4932
2023-02-18 00:00:00+00:00,4934
2023-02-19 00:00:00+00:00,4935
2023-02-20 00:00:00+00:00,4937
2023-02-21 00:00:00+00:00,4941
2023-02-22 00:00:00+00:00,4948
2023-02-23 00:00:00+00:00,4954
2023-02-24 00:00:00+00:00,4959
2023-02-25 00:00:00+00:00,4961
2023-02-26 00:00:00+00:00,4965
2023-02-27 00:00:00+00:00,4967
2023-02-28 00:00:00+00:00,4968
2023-03-01 00:00:00+00:00,4972
2023-03-02 00:00:00+00:00,4976
2023-03-03 00:00:00+00:00,4978
2023-03-04 00:00:00+00:00,4981
2023-03-05 00:00:00+00:00,4984
2023-03-06 00:00:00+00:00,4992
2023-03-07 00:00:00+00:00,4996
2023-03-08 00:00:00+00:00,5002
2023-03-09 00:00:00+00:00,5003
2023-03-10 00:00:00+00:00,5009
2023-03-11 00:00:00+00:00,5012
2023-03-12 00:00:00+00:00,5014
2023-03-13 00:00:00+00:00,5020
2023-03-14 00:00:00+00:00,5026
2023-03-15 00:00:00+00:00,5031
2023-03-16 00:00:00+00:00,5036
2023-03-17 00:00:00+00:00,5040
2023-03-18 00:00:00+00:00,5042
2023-03-19 00:00:00+00:00,5045
2023-03-20 00:00:00+00:00,5047
2023-03-21 00:00:00+00:00,5050
2023-03-22 00:00:00+00:00,5057
2023-03-23 00:00:00+00:00,5062
2023-03-24 00:00:00+00:00,5068
2023-03-25 00:00:00+00:00,5069
2023-03-26 00:00:00+00:00,5073
2023-03-27 00:00:00+00:00,5076
2023-03-28 00:00:00+00:00,5081
2023-03-29 00:00:00+00:00,5091
2023-03-30 00:00:00+00:00,5093
2023-03-31 00:00:00+00:00,5096
2023-04-01 00:00:00+00:00,5100
2023-04-02 00:00:00+00:00,5105
2023-04-03 00:00:00+00:00,5110
2023-04-04 00:00:00+00:00,5114
2023-04-05 00:00:00+00:00,5115
2023-04-06 00:00:00+00:00,5120
2023-04-07 00:00:00+00:00,5121
2023-04-08 00:00:00+00:00,5122
2023-04-09 00:00:00+00:00,5126
2023-04-10 00:00:00+00:00,5135
2023-04-11 00:00:00+00:00,5145
2023-04-12 00:00:00+00:00,5150
2023-04-13 00:00:00+00:00,5157
2023-04-14 00:00:00+00:00,5160
2023-04-15 00:00:00+00:00,5165
2023-04-16 00:00:00+00:00,5168
2023-04-17 00:00:00+00:00,5172
2023-04-18 00:00:00+00:00,5176
2023-04-19 00:00:00+00:00,5180
2023-04-20 00:00:00+00:00,5183
2023-04-21 00:00:00+00:00,5187
2023-04-22 00:00:00+00:00,5189
2023-04-23 00:00:00+00:00,5192
2023-04-24 00:00:00+00:00,5198
2023-04-25 00:00:00+00:00,5204
2023-04-26 00:00:00+00:00,5205
2023-04-27 00:00:00+00:00,5207
2023-04-28 00:00:00+00:00,5213
2023-04-29 00:00:00+00:00,5216
2023-04-30 00:00:00+00:00,5219
2023-05-01 00:00:00+00:00,5221
2023-05-02 00:00:00+00:00,5223
2023-05-04 00:00:00+00:00,5226
2023-05-05 00:00:00+00:00,5232
2023-05-06 00:00:00+00:00,5239
2023-05-07 00:00:00+00:00,5242
2023-05-08 00:00:00+00:00,5248
2023-05-09 00:00:00+00:00,5251
2023-05-10 00:00:00+00:00,5254
2023-05-11 00:00:00+00:00,5256
2023-05-12 00:00:00+00:00,5259
2023-05-13 00:00:00+00:00,5262
2023-05-14 00:00:00+00:00,5265
2023-05-15 00:00:00+00:00,5272
2023-05-16 00:00:00+00:00,5276
2023-05-17 00:00:00+00:00,5278
2023-05-18 00:00:00+00:00,5281
2023-05-19 00:00:00+00:00,5283
2023-05-20 00:00:00+00:00,5284
2023-05-21 00:00:00+00:00,5287
2023-05-22 00:00:00+00:00,5288
2023-05-23 00:00:00+00:00,5292
2023-05-24 00:00:00+00:00,5298
2023-05-25 00:00:00+00:00,5308
2023-05-26 00:00:00+00:00,5311
2023-05-27 00:00:00+00:00,5312
2023-05-28 00:00:00+00:00,5315
2023-05-29 00:00:00+00:00,5325
2023-05-30 00:00:00+00:00,5332
2023-05-31 00:00:00+00:00,5336
2023-06-01 00:00:00+00:00,5374
2023-06-02 00:00:00+00:00,5402
2023-06-03 00:00:00+00:00,5416
2023-06-04 00:00:00+00:00,5427
2023-06-05 00:00:00+00:00,5441
2023-06-06 00:00:00+00:00,5453
2023-06-07 00:00:00+00:00,5470
2023-06-08 00:00:00+00:00,5485
2023-06-09 00:00:00+00:00,5493
2023-06-10 00:00:00+00:00,5494
2023-06-11 00:00:00+00:00,5500
2023-06-12 00:00:00+00:00,5509
2023-06-13 00:00:00+00:00,5520
2023-06-14 00:00:00+00:00,5527
2023-06-15 00:00:00+00:00,5532
2023-06-16 00:00:00+00:00,5536
2023-06-17 00:00:00+00:00,5542
2023-06-18 00:00:00+00:00,5546
2023-06-19 00:00:00+00:00,5552
2023-06-20 00:00:00+00:00,5560
2023-06-21 00:00:00+00:00,5568
2023-06-22 00:00:00+00:00,5573
2023-06-23 00:00:00+00:00,5579
2023-06-24 00:00:00+00:00,5591
2023-06-25 00:00:00+00:00,5598
2023-06-26 00:00:00+00:00,5605
2023-06-27 00:00:00+00:00,5612
2023-06-28 00:00:00+00:00,5615
2023-06-29 00:00:00+00:00,5618
2023-06-30 00:00:00+00:00,5621
2023-07-01 00:00:00+00:00,5626
2023-07-02 00:00:00+00:00,5631
2023-07-03 00:00:00+00:00,5634
2023-07-04 00:00:00+00:00,5640
2023-07-05 00:00:00+00:00,5643
2023-07-06 00:00:00+00:00,5650
2023-07-07 00:00:00+00:00,5656
2023-07-08 00:00:00+00:00,5660
2023-07-09 00:00:00+00:00,5663
2023-07-10 00:00:00+00:00,5669
2023-07-11 00:00:00+00:00,5672
2023-07-12 00:00:00+00:00,5674
2023-07-13 00:00:00+00:00,5682
2023-07-14 00:00:00+00:00,5684
2023-07-15 00:00:00+00:00,5689
2023-07-16 00:00:00+00:00,5696
2023-07-17 00:00:00+00:00,5703
2023-07-18 00:00:00+00:00,5708
2023-07-19 00:00:00+00:00,5713
2023-07-20 00:00:00+00:00,5715
2023-07-21 00:00:00+00:00,5718
2023-07-22 00:00:00+00:00,5721
2023-07-23 00:00:00+00:00,5722
2023-07-24 00:00:00+00:00,5727
2023-07-25 00:00:00+00:00,5729
2023-07-26 00:00:00+00:00,5738
2023-07-27 00:00:00+00:00,5742
2023-07-28 00:00:00+00:00,5743
2023-07-29 00:00:00+00:00,5746
2023-07-30 00:00:00+00:00,5747
2023-07-31 00:00:00+00:00,5750
2023-08-01 00:00:00+00:00,5753
2023-08-02 00:00:00+00:00,5759
2023-08-03 00:00:00+00:00,5769
2023-08-04 00:00:00+00:00,5775
2023-08-05 00:00:00+00:00,5777
2023-08-06 00:00:00+00:00,5780
2023-08-07 00:00:00+00:00,5784
2023-08-08 00:00:00+00:00,5790
2023-08-09 00:00:00+00:00,5794
2023-08-10 00:00:00+00:00,5797
2023-08-12 00:00:00+00:00,5798
2023-08-13 00:00:00+00:00,5801
2023-08-14 00:00:00+00:00,5806
2023-08-15 00:00:00+00:00,5810
2023-08-16 00:00:00+00:00,5818
2023-08-17 00:00:00+00:00,5821
2023-08-18 00:00:00+00:00,5830
2023-08-19 00:00:00+00:00,5833
2023-08-21 00:00:00+00:00,5838
2023-08-22 00:00:00+00:00,5842
2023-08-23 00:00:00+00:00,5848
2023-08-24 00:00:00+00:00,5855
2023-08-25 00:00:00+00:00,5861
2023-08-26 00:00:00+00:00,5865
2023-08-27 00:00:00+00:00,5870
2023-08-28 00:00:00+00:00,5872
2023-08-29 00:00:00+00:00,5876
2023-08-30 00:00:00+00:00,5884
2023-08-31 00:00:00+00:00,5888
2023-09-01 00:00:00+00:00,5893
2023-09-03 00:00:00+00:00,5895
2023-09-04 00:00:00+00:00,5903
2023-09-05 00:00:00+00:00,5904
2023-09-06 00:00:00+00:00,5905
2023-09-07 00:00:00+00:00,5911
2023-09-08 00:00:00+00:00,5915
2023-09-09 00:00:00+00:00,5919
2023-09-10 00:00:00+00:00,5924
2023-09-11 00:00:00+00:00,5929
2023-09-12 00:00:00+00:00,5933
2023-09-13 00:00:00+00:00,5934
2023-09-14 00:00:00+00:00,5936
2023-09-15 00:00:00+00:00,5940
2023-09-16 00:00:00+00:00,5942
2023-09-17 00:00:00+00:00,5943
2023-09-18 00:00:00+00:00,5950
2023-09-19 00:00:00+00:00,5951
2023-09-20 00:00:00+00:00,5955
2023-09-21 00:00:00+00:00,5961
2023-09-22 00:00:00+00:00,5964
2023-09-23 00:00:00+00:00,5965
2023-09-24 00:00:00+00:00,5968
2023-09-25 00:00:00+00:00,5974
2023-09-27 00:00:00+00:00,5975
2023-09-28 00:00:00+00:00,5977
2023-09-29 00:00:00+00:00,5981
2023-09-30 00:00:00+00:00,5986
2023-10-01 00:00:00+00:00,5988
2023-10-03 00:00:00+00:00,5990
2023-10-04 00:00:00+00:00,5994
2023-10-06 00:00:00+00:00,5996
2023-10-07 00:00:00+00:00,6001
2023-10-08 00:00:00+00:00,6010
2023-10-09 00:00:00+00:00,6011
2023-10-10 00:00:00+00:00,6016
2023-10-11 00:00:00+00:00,6019
2023-10-12 00:00:00+00:00,6022
2023-10-13 00:00:00+00:00,6023
2023-10-14 00:00:00+00:00,6025
2023-10-15 00:00:00+00:00,6027
2023-10-16 00:00:00+00:00,6031
2023-10-19 00:00:00+00:00,6036
2023-10-20 00:00:00+00:00,6039
2023-10-21 00:00:00+00:00,6042
2023-10-22 00:00:00+00:00,6046
2023-10-23 00:00:00+00:00,6050
2023-10-24 00:00:00+00:00,6056
2023-10-25 00:00:00+00:00,6058
2023-10-26 00:00:00+00:00,6061
2023-10-27 00:00:00+00:00,6064
2023-10-28 00:00:00+00:00,6067
2023-10-29 00:00:00+00:00,6068
2023-10-30 00:00:00+00:00,6071
2023-10-31 00:00:00+00:00,6076
2023-11-01 00:00:00+00:00,6077
2023-11-02 00:00:00+00:00,6079
2023-11-03 00:00:00+00:00,6082
2023-11-04 00:00:00+00:00,6083
2023-11-05 00:00:00+00:00,6085
2023-11-06 00:00:00+00:00,6091
2023-11-07 00:00:00+00:00,6098
2023-11-08 00:00:00+00:00,6100
2023-11-09 00:00:00+00:00,6101
2023-11-10 00:00:00+00:00,6104
2023-11-11 00:00:00+00:00,6106
2023-11-12 00:00:00+00:00,6109
2023-11-13 00:00:00+00:00,6112
2023-11-14 00:00:00+00:00,6116
2023-11-15 00:00:00+00:00,6121
2023-11-16 00:00:00+00:00,6125
2023-11-17 00:00:00+00:00,6127
2023-11-18 00:00:00+00:00,6129
2023-11-20 00:00:00+00:00,6132
2023-11-21 00:00:00+00:00,6137
2023-11-23 00:00:00+00:00,6139
2023-11-24 00:00:00+00:00,6143
2023-11-25 00:00:00+00:00,6144
2023-11-26 00:00:00+00:00,6146
2023-11-27 00:00:00+00:00,6147
2023-11-28 00:00:00+00:00,6148
2023-11-29 00:00:00+00:00,6151
2023-11-30 00:00:00+00:00,6156
2023-12-01 00:00:00+00:00,6159
2023-12-02 00:00:00+00:00,6161
2023-12-04 00:00:00+00:00,6171
2023-12-05 00:00:00+00:00,6173
2023-12-06 00:00:00+00:00,6177
2023-12-07 00:00:00+00:00,6185
2023-12-08 00:00:00+00:00,6187
2023-12-10 00:00:00+00:00,6189
2023-12-11 00:00:00+00:00,6195
2023-12-12 00:00:00+00:00,6198
2023-12-13 00:00:00+00:00,6200
2023-12-14 00:00:00+00:00,6205
2023-12-15 00:00:00+00:00,6207
2023-12-17 00:00:00+00:00,6209
2023-12-18 00:00:00+00:00,6213
2023-12-19 00:00:00+00:00,6215
2023-12-20 00:00:00+00:00,6217
2023-12-21 00:00:00+00:00,6218
2023-12-22 00:00:00+00:00,6219
2023-12-23 00:00:00+00:00,6223
2023-12-24 00:00:00+00:00,6224
2023-12-25 00:00:00+00:00,6227
2023-12-26 00:00:00+00:00,6232
2023-12-28 00:00:00+00:00,6235
2023-12-30 00:00:00+00:00,6236
2023-12-31 00:00:00+00:00,6238
2024-01-01 00:00:00+00:00,6240
2024-01-02 00:00:00+00:00,6241
2024-01-03 00:00:00+00:00,6242
2024-01-04 00:00:00+00:00,6249
2024-01-05 00:00:00+00:00,6250
2024-01-06 00:00:00+00:00,6252
2024-01-07 00:00:00+00:00,6254
2024-01-08 00:00:00+00:00,6257
2024-01-09 00:00:00+00:00,6259
2024-01-10 00:00:00+00:00,6261
2024-01-11 00:00:00+00:00,6263
2024-01-12 00:00:00+00:00,6266
2024-01-13 00:00:00+00:00,6269
2024-01-15 00:00:00+00:00,6275
2024-01-16 00:00:00+00:00,6276
2024-01-17 00:00:00+00:00,6281
2024-01-18 00:00:00+00:00,6284
2024-01-19 00:00:00+00:00,6286
2024-01-20 00:00:00+00:00,6290
2024-01-21 00:00:00+00:00,6292
2024-01-22 00:00:00+00:00,6296
2024-01-23 00:00:00+00:00,6300
2024-01-24 00:00:00+00:00,6303
2024-01-25 00:00:00+00:00,6307
2024-01-26 00:00:00+00:00,6313
2024-01-27 00:00:00+00:00,6315
2024-01-29 00:00:00+00:00,6316
2024-01-30 00:00:00+00:00,6322
2024-01-31 00:00:00+00:00,6328
2024-02-01 00:00:00+00:00,6329
2024-02-02 00:00:00+00:00,6330
2024-02-04 00:00:00+00:00,6331
2024-02-05 00:00:00+00:00,6335
2024-02-06 00:00:00+00:00,6336
2024-02-07 00:00:00+00:00,6339
2024-02-08 00:00:00+00:00,6341
2024-02-09 00:00:00+00:00,6342
2024-02-11 00:00:00+00:00,6344
2024-02-12 00:00:00+00:00,6346
2024-02-13 00:00:00+00:00,6348
2024-02-14 00:00:00+00:00,6349
2024-02-15 00:00:00+00:00,6351
2024-02-16 00:00:00+00:00,6352
2024-02-17 00:00:00+00:00,6353
2024-02-19 00:00:00+00:00,6356
2024-02-20 00:00:00+00:00,6359
2024-02-21 00:00:00+00:00,6361
2024-02-22 00:00:00+00:00,6368
2024-02-23 00:00:00+00:00,6376
2024-02-24 00:00:00+00:00,6377
2024-02-25 00:00:00+00:00,6380
2024-02-26 00:00:00+00:00,6381
2024-02-27 00:00:00+00:00,6388
2024-02-28 00:00:00+00:00,6393
2024-02-29 00:00:00+00:00,6401
2024-03-01 00:00:00+00:00,6404
2024-03-02 00:00:00+00:00,6407
2024-03-03 00:00:00+00:00,6411
2024-03-04 00:00:00+00:00,6423
2024-03-05 00:00:00+00:00,6435
2024-03-06 00:00:00+00:00,6473
2024-03-07 00:00:00+00:00,6499
2024-03-08 00:00:00+00:00,6507
2024-03-09 00:00:00+00:00,6510
2024-03-10 00:00:00+00:00,6515
2024-03-11 00:00:00+00:00,6516
2024-03-12 00:00:00+00:00,6519
2024-03-13 00:00:00+00:00,6523
2024-03-14 00:00:00+00:00,6525
2024-03-15 00:00:00+00:00,6529
2024-03-16 00:00:00+00:00,6531
2024-03-17 00:00:00+00:00,6533
2024-03-18 00:00:00+00:00,6535
2024-03-19 00:00:00+00:00,6539
2024-03-20 00:00:00+00:00,6541
2024-03-21 00:00:00+00:00,6544
2024-03-22 00:00:00+00:00,6547
2024-03-23 00:00:00+00:00,6552
2024-03-24 00:00:00+00:00,6555
2024-03-25 00:00:00+00:00,6556
2024-03-26 00:00:00+00:00,6558
2024-03-27 00:00:00+00:00,6559
2024-03-28 00:00:00+00:00,6561
2024-03-29 00:00:00+00:00,6565
2024-03-30 00:00:00+00:00,6566
2024-03-31 00:00:00+00:00,6570
2024-04-01 00:00:00+00:00,6572
2024-04-02 00:00:00+00:00,6577
2024-04-03 00:00:00+00:00,6582
2024-04-04 00:00:00+00:00,6587
2024-04-05 00:00:00+00:00,6590
2024-04-06 00:00:00+00:00,6592
2024-04-07 00:00:00+00:00,6596
2024-04-08 00:00:00+00:00,6598
2024-04-09 00:00:00+00:00,6602
2024-04-10 00:00:00+00:00,6607
2024-04-11 00:00:00+00:00,6611
2024-04-12 00:00:00+00:00,6617
2024-04-13 00:00:00+00:00,6619
2024-04-14 00:00:00+00:00,6623
2024-04-15 00:00:00+00:00,6625
2024-04-16 00:00:00+00:00,6629
2024-04-17 00:00:00+00:00,6633
2024-04-18 00:00:00+00:00,6637
2024-04-19 00:00:00+00:00,6641
2024-04-20 00:00:00+00:00,6643
2024-04-21 00:00:00+00:00,6644
2024-04-22 00:00:00+00:00,6646
2024-04-23 00:00:00+00:00,6648
2024-04-24 00:00:00+00:00,6650
2024-04-25 00:00:00+00:00,6654
2024-04-26 00:00:00+00:00,6657
2024-04-28 00:00:00+00:00,6658
2024-04-29 00:00:00+00:00,6661
2024-04-30 00:00:00+00:00,6665
2024-05-01 00:00:00+00:00,6666
2024-05-02 00:00:00+00:00,6669
2024-05-03 00:00:00+00:00,6670
2024-05-04 00:00:00+00:00,6671
2024-05-06 00:00:00+00:00,6672
2024-05-07 00:00:00+00:00,6674
2024-05-08 00:00:00+00:00,6680
2024-05-09 00:00:00+00:00,6685
2024-05-10 00:00:00+00:00,6687
2024-05-11 00:00:00+00:00,6688
2024-05-12 00:00:00+00:00,6689
2024-05-13 00:00:00+00:00,6691
2024-05-14 00:00:00+00:00,6694
2024-05-15 00:00:00+00:00,6695
2024-05-16 00:00:00+00:00,6699
2024-05-17 00:00:00+00:00,6700
2024-05-18 00:00:00+00:00,6701
2024-05-19 00:00:00+00:00,6702
2024-05-20 00:00:00+00:00,6706
2024-05-21 00:00:00+00:00,6709
2024-05-22 00:00:00+00:00,6710
2024-05-24 00:00:00+00:00,6713
2024-05-25 00:00:00+00:00,6716
2024-05-26 00:00:00+00:00,6717
2024-05-27 00:00:00+00:00,6720
2024-05-28 00:00:00+00:00,6723
2024-05-29 00:00:00+00:00,6726
2024-05-30 00:00:00+00:00,6730
2024-05-31 00:00:00+00:00,6731
2024-06-01 00:00:00+00:00,6732
2024-06-02 00:00:00+00:00,6733
2024-06-03 00:00:00+00:00,6738
2024-06-04 00:00:00+00:00,6743
2024-06-05 00:00:00+00:00,6747
2024-06-06 00:00:00+00:00,6749
2024-06-07 00:00:00+00:00,6752
2024-06-08 00:00:00+00:00,6755
2024-06-09 00:00:00+00:00,6758
2024-06-10 00:00:00+00:00,6759
2024-06-11 00:00:00+00:00,6760
2024-06-12 00:00:00+00:00,6763
2024-06-13 00:00:00+00:00,6764
2024-06-14 00:00:00+00:00,6767
2024-06-15 00:00:00+00:00,6768
2024-06-17 00:00:00+00:00,6769
2024-06-19 00:00:00+00:00,6770
2024-06-20 00:00:00+00:00,6773
2024-06-21 00:00:00+00:00,6776
2024-06-22 00:00:00+00:00,6777
2024-06-23 00:00:00+00:00,6778
2024-06-24 00:00:00+00:00,6779
2024-06-25 00:00:00+00:00,6782
2024-06-26 00:00:00+00:00,6784
2024-06-27 00:00:00+00:00,6786
2024-06-28 00:00:00+00:00,6789
2024-07-01 00:00:00+00:00,6792
2024-07-02 00:00:00+00:00,6797
2024-07-03 00:00:00+00:00,6804
2024-07-04 00:00:00+00:00,6807
2024-07-05 00:00:00+00:00,6808
2024-07-06 00:00:00+00:00,6810
2024-07-07 00:00:00+00:00,6811
2024-07-08 00:00:00+00:00,6814
2024-07-09 00:00:00+00:00,6816
2024-07-11 00:00:00+00:00,6817
2024-07-12 00:00:00+00:00,6819
2024-07-13 00:00:00+00:00,6821
2024-07-14 00:00:00+00:00,6825
2024-07-15 00:00:00+00:00,6827
2024-07-16 00:00:00+00:00,6828
2024-07-17 00:00:00+00:00,6830
2024-07-18 00:00:00+00:00,6831
2024-07-19 00:00:00+00:00,6833
2024-07-20 00:00:00+00:00,6835
2024-07-22 00:00:00+00:00,6837
2024-07-23 00:00:00+00:00,6838
2024-07-24 00:00:00+00:00,6842
2024-07-25 00:00:00+00:00,6845
2024-07-26 00:00:00+00:00,6849
2024-07-28 00:00:00+00:00,6853
2024-07-29 00:00:00+00:00,6859
2024-07-30 00:00:00+00:00,6863
2024-08-01 00:00:00+00:00,6865
2024-08-02 00:00:00+00:00,6869
2024-08-03 00:00:00+00:00,6870
2024-08-04 00:00:00+00:00,6873
2024-08-06 00:00:00+00:00,6875
2024-08-07 00:00:00+00:00,6876
2024-08-08 00:00:00+00:00,6878
2024-08-09 00:00:00+00:00,6881
2024-08-10 00:00:00+00:00,6882
2024-08-11 00:00:00+00:00,6883
2024-08-12 00:00:00+00:00,6885
2024-08-13 00:00:00+00:00,6886
2024-08-14 00:00:00+00:00,6887
2024-08-15 00:00:00+00:00,6888
2024-08-17 00:00:00+00:00,6891
2024-08-18 00:00:00+00:00,6893
2024-08-19 00:00:00+00:00,6896
2024-08-20 00:00:00+00:00,6898
2024-08-21 00:00:00+00:00,6901
2024-08-22 00:00:00+00:00,6905
2024-08-23 00:00:00+00:00,6906
2024-08-25 00:00:00+00:00,6907
2024-08-26 00:00:00+00:00,6908
2024-08-27 00:00:00+00:00,6910
2024-08-28 00:00:00+00:00,6917
2024-08-29 00:00:00+00:00,6922
2024-08-30 00:00:00+00:00,6925
2024-08-31 00:00:00+00:00,6928
2024-09-02 00:00:00+00:00,6932
2024-09-03 00:00:00+00:00,6937
2024-09-04 00:00:00+00:00,6938
2024-09-06 00:00:00+00:00,6942
2024-09-07 00:00:00+00:00,6943
2024-09-08 00:00:00+00:00,6944
2024-09-09 00:00:00+00:00,6949
2024-09-10 00:00:00+00:00,6951
2024-09-11 00:00:00+00:00,6952
2024-09-12 00:00:00+00:00,6956
2024-09-13 00:00:00+00:00,6959
2024-09-14 00:00:00+00:00,6963
2024-09-15 00:00:00+00:00,6964
2024-09-16 00:00:00+00:00,6965
2024-09-19 00:00:00+00:00,6966
2024-09-20 00:00:00+00:00,6971
2024-09-21 00:00:00+00:00,6974
2024-09-22 00:00:00+00:00,6977
2024-09-23 00:00:00+00:00,6980
2024-09-24 00:00:00+00:00,6984
2024-09-25 00:00:00+00:00,6987
2024-09-26 00:00:00+00:00,6991
2024-09-27 00:00:00+00:00,6996
2024-09-28 00:00:00+00:00,6997
2024-09-29 00:00:00+00:00,6998
2024-09-30 00:00:00+00:00,6999
2024-10-01 00:00:00+00:00,7001
2024-10-02 00:00:00+00:00,7004
2024-10-03 00:00:00+00:00,7005
2024-10-04 00:00:00+00:00,7008
2024-10-05 00:00:00+00:00,7012
2024-10-07 00:00:00+00:00,7013
2024-10-08 00:00:00+00:00,7018
2024-10-09 00:00:00+00:00,7022
2024-10-10 00:00:00+00:00,7026
2024-10-11 00:00:00+00:00,7028
2024-10-12 00:00:00+00:00,7032
2024-10-13 00:00:00+00:00,7035
2024-10-14 00:00:00+00:00,7039
2024-10-16 00:00:00+00:00,7040
2024-10-18 00:00:00+00:00,7046
2024-10-19 00:00:00+00:00,7051
2024-10-20 00:00:00+00:00,7053
2024-10-21 00:00:00+00:00,7055
2024-10-22 00:00:00+00:00,7058
2024-10-23 00:00:00+00:00,7059
2024-10-24 00:00:00+00:00,7060
2024-10-25 00:00:00+00:00,7062
2024-10-27 00:00:00+00:00,7063
2024-10-28 00:00:00+00:00,7064
2024-10-29 00:00:00+00:00,7067
2024-10-30 00:00:00+00:00,7070
2024-11-01 00:00:00+00:00,7073
2024-11-02 00:00:00+00:00,7076
2024-11-03 00:00:00+00:00,7078
2024-11-04 00:00:00+00:00,7081
2024-11-05 00:00:00+00:00,7084
2024-11-06 00:00:00+00:00,7085
2024-11-07 00:00:00+00:00,7089
2024-11-08 00:00:00+00:00,7093
2024-11-09 00:00:00+00:00,7095
2024-11-11 00:00:00+00:00,7096
2024-11-12 00:00:00+00:00,7098
2024-11-13 00:00:00+00:00,7101
2024-11-14 00:00:00+00:00,7103
2024-11-16 00:00:00+00:00,7104
2024-11-17 00:00:00+00:00,7105
2024-11-18 00:00:00+00:00,7108
2024-11-19 00:00:00+00:00,7110
2024-11-20 00:00:00+00:00,7112
2024-11-22 00:00:00+00:00,7113
2024-11-23 00:00:00+00:00,7115
2024-11-24 00:00:00+00:00,7118
2024-11-26 00:00:00+00:00,7125
2024-11-27 00:00:00+00:00,7127
2024-11-28 00:00:00+00:00,7128
2024-11-29 00:00:00+00:00,7131
2024-12-01 00:00:00+00:00,7132
2024-12-02 00:00:00+00:00,7136
2024-12-03 00:00:00+00:00,7140
2024-12-04 00:00:00+00:00,7142
2024-12-05 00:00:00+00:00,7145
2024-12-06 00:00:00+00:00,7147
2024-12-07 00:00:00+00:00,7151
2024-12-08 00:00:00+00:00,7156
2024-12-09 00:00:00+00:00,7158
2024-12-11 00:00:00+00:00,7166
2024-12-12 00:00:00+00:00,7168
2024-12-15 00:00:00+00:00,7169
2024-12-19 00:00:00+00:00,7173
2024-12-21 00:00:00+00:00,7174
2024-12-23 00:00:00+00:00,7179
2024-12-24 00:00:00+00:00,7180
2024-12-25 00:00:00+00:00,7182
2024-12-26 00:00:00+00:00,7184
2024-12-27 00:00:00+00:00,7185
2024-12-28 00:00:00+00:00,7188
2024-12-29 00:00:00+00:00,7191
2024-12-31 00:00:00+00:00,7194
2025-01-02 00:00:00+00:00,7195
2025-01-03 00:00:00+00:00,7200
2025-01-05 00:00:00+00:00,7201
2025-01-06 00:00:00+00:00,7203
2025-01-07 00:00:00+00:00,7207
2025-01-08 00:00:00+00:00,7210
2025-01-09 00:00:00+00:00,7213
2025-01-10 00:00:00+00:00,7216
2025-01-12 00:00:00+00:00,7220
2025-01-13 00:00:00+00:00,7221
2025-01-15 00:00:00+00:00,7223
2025-01-16 00:00:00+00:00,7225
2025-01-17 00:00:00+00:00,7227
2025-01-19 00:00:00+00:00,7228
2025-01-20 00:00:00+00:00,7229
2025-01-21 00:00:00+00:00,7232
2025-01-22 00:00:00+00:00,7235
2025-01-23 00:00:00+00:00,7238
2025-01-24 00:00:00+00:00,7243
2025-01-25 00:00:00+00:00,7247
2025-01-27 00:00:00+00:00,7248
2025-01-28 00:00:00+00:00,7260
2025-01-29 00:00:00+00:00,7264
2025-01-30 00:00:00+00:00,7266
2025-01-31 00:00:00+00:00,7270
2025-02-01 00:00:00+00:00,7271
2025-02-02 00:00:00+00:00,7275
2025-02-03 00:00:00+00:00,7277
2025-02-04 00:00:00+00:00,7279
2025-02-05 00:00:00+00:00,7282
2025-02-06 00:00:00+00:00,7285
2025-02-07 00:00:00+00:00,7289
2025-02-08 00:00:00+00:00,7292
2025-02-09 00:00:00+00:00,7293
2025-02-10 00:00:00+00:00,7294
2025-02-11 00:00:00+00:00,7296
2025-02-12 00:00:00+00:00,7301
2025-02-13 00:00:00+00:00,7305
2025-02-14 00:00:00+00:00,7307
2025-02-15 00:00:00+00:00,7317
2025-02-16 00:00:00+00:00,7320
2025-02-17 00:00:00+00:00,7326
2025-02-18 00:00:00+00:00,7331
2025-02-19 00:00:00+00:00,7334
2025-02-21 00:00:00+00:00,7338
2025-02-23 00:00:00+00:00,7341
2025-02-24 00:00:00+00:00,7344
2025-02-25 00:00:00+00:00,7345
2025-02-26 00:00:00+00:00,7348
2025-02-27 00:00:00+00:00,7349
2025-02-28 00:00:00+00:00,7350
2025-03-01 00:00:00+00:00,7352
2025-03-02 00:00:00+00:00,7355
2025-03-03 00:00:00+00:00,7360
2025-03-04 00:00:00+00:00,7364
2025-03-05 00:00:00+00:00,7367
2025-03-06 00:00:00+00:00,7369
2025-03-07 00:00:00+00:00,7372
2025-03-09 00:00:00+00:00,7375
2025-03-10 00:00:00+00:00,7376
2025-03-11 00:00:00+00:00,7378
2025-03-12 00:00:00+00:00,7380
2025-03-13 00:00:00+00:00,7384
2025-03-14 00:00:00+00:00,7386
2025-03-15 00:00:00+00:00,7389
2025-03-16 00:00:00+00:00,7391
2025-03-17 00:00:00+00:00,7392
2025-03-18 00:00:00+00:00,7395
2025-03-19 00:00:00+00:00,7400
2025-03-20 00:00:00+00:00,7405
2025-03-21 00:00:00+00:00,7407
2025-03-22 00:00:00+00:00,7409
2025-03-24 00:00:00+00:00,7410
2025-03-25 00:00:00+00:00,7415
2025-03-26 00:00:00+00:00,7416
2025-03-27 00:00:00+00:00,7422
2025-03-28 00:00:00+00:00,7424
2025-03-29 00:00:00+00:00,7426
2025-03-30 00:00:00+00:00,7427
2025-04-01 00:00:00+00:00,7431
2025-04-02 00:00:00+00:00,7433
2025-04-03 00:00:00+00:00,7435
2025-04-04 00:00:00+00:00,7437
2025-04-06 00:00:00+00:00,7439
2025-04-07 00:00:00+00:00,7440
2025-04-08 00:00:00+00:00,7442
2025-04-09 00:00:00+00:00,7444
2025-04-10 00:00:00+00:00,7446
2025-04-13 00:00:00+00:00,7447
2025-04-14 00:00:00+00:00,7448
2025-04-15 00:00:00+00:00,7450
2025-04-16 00:00:00+00:00,7453
2025-04-17 00:00:00+00:00,7455
2025-04-18 00:00:00+00:00,7459
2025-04-19 00:00:00+00:00,7463
2025-04-20 00:00:00+00:00,7464
2025-04-21 00:00:00+00:00,7466
2025-04-22 00:00:00+00:00,7468
2025-04-23 00:00:00+00:00,7471
2025-04-24 00:00:00+00:00,7475
2025-04-25 00:00:00+00:00,7476
2025-04-26 00:00:00+00:00,7477
2025-04-27 00:00:00+00:00,7478
2025-04-28 00:00:00+00:00,7482
2025-04-29 00:00:00+00:00,7483
2025-04-30 00:00:00+00:00,7484
2025-05-01 00:00:00+00:00,7485
2025-05-02 00:00:00+00:00,7489
2025-05-03 00:00:00+00:00,7490
2025-05-05 00:00:00+00:00,7492
2025-05-06 00:00:00+00:00,7495
2025-05-07 00:00:00+00:00,7500
2025-05-08 00:00:00+00:00,7503
2025-05-09 00:00:00+00:00,7504
2025-05-11 00:00:00+00:00,7506
2025-05-12 00:00:00+00:00,7509
2025-05-13 00:00:00+00:00,7511
2025-05-14 00:00:00+00:00,7515
2025-05-15 00:00:00+00:00,7518
2025-05-16 00:00:00+00:00,7519
2025-05-17 00:00:00+00:00,7521
2025-05-19 00:00:00+00:00,7523
2025-05-21 00:00:00+00:00,7526
2025-05-22 00:00:00+00:00,7528
2025-05-23 00:00:00+00:00,7529
2025-05-24 00:00:00+00:00,7532
2025-05-25 00:00:00+00:00,7534
2025-05-26 00:00:00+00:00,7539
2025-05-27 00:00:00+00:00,7541
2025-05-28 00:00:00+00:00,7546
2025-05-29 00:00:00+00:00,7547
2025-05-30 00:00:00+00:00,7549
2025-06-01 00:00:00+00:00,7551
2025-06-02 00:00:00+00:00,7552
2025-06-03 00:00:00+00:00,7554
2025-06-04 00:00:00+00:00,7561
2025-06-05 00:00:00+00:00,7562
2025-06-06 00:00:00+00:00,7564
2025-06-07 00:00:00+00:00,7567
2025-06-08 00:00:00+00:00,7568
2025-06-09 00:00:00+00:00,7571
2025-06-10 00:00:00+00:00,7576
2025-06-11 00:00:00+00:00,7580
2025-06-12 00:00:00+00:00,7586
2025-06-14 00:00:00+00:00,7588
2025-06-15 00:00:00+00:00,7592
2025-06-16 00:00:00+00:00,7593
2025-06-17 00:00:00+00:00,7595
2025-06-18 00:00:00+00:00,7598
2025-06-19 00:00:00+00:00,7603
2025-06-20 00:00:00+00:00,7608
2025-06-21 00:00:00+00:00,7611
2025-06-22 00:00:00+00:00,7612
2025-06-23 00:00:00+00:00,7615
2025-06-24 00:00:00+00:00,7617
2025-06-25 00:00:00+00:00,7619
2025-06-26 00:00:00+00:00,7620
2025-06-27 00:00:00+00:00,7623
2025-06-28 00:00:00+00:00,7626
2025-06-29 00:00:00+00:00,7627
2025-06-30 00:00:00+00:00,7631
2025-07-01 00:00:00+00:00,7632
2025-07-02 00:00:00+00:00,7635
2025-07-03 00:00:00+00:00,7639
2025-07-04 00:00:00+00:00,7641
2025-07-05 00:00:00+00:00,7642
2025-07-08 00:00:00+00:00,7644
2025-07-09 00:00:00+00:00,7645
2025-07-10 00:00:00+00:00,7647
2025-07-12 00:00:00+00:00,7648
2025-07-13 00:00:00+00:00,7650
2025-07-14 00:00:00+00:00,7653
2025-07-16 00:00:00+00:00,7654
2025-07-17 00:00:00+00:00,7655
2025-07-18 00:00:00+00:00,7656
2025-07-20 00:00:00+00:00,7657
2025-07-21 00:00:00+00:00,7658
2025-07-22 00:00:00+00:00,7661
2025-07-23 00:00:00+00:00,7662
2025-07-24 00:00:00+00:00,7663
2025-07-25 00:00:00+00:00,7670
2025-07-26 00:00:00+00:00,7671
2025-07-28 00:00:00+00:00,7674
2025-07-29 00:00:00+00:00,7676
2025-07-30 00:00:00+00:00,7678
2025-07-31 00:00:00+00:00,7679
2025-08-01 00:00:00+00:00,7681
2025-08-02 00:00:00+00:00,7685
2025-08-03 00:00:00+00:00,7686
2025-08-04 00:00:00+00:00,7688
2025-08-05 00:00:00+00:00,7689
2025-08-06 00:00:00+00:00,7691
2025-08-07 00:00:00+00:00,7694
2025-08-08 00:00:00+00:00,7696
2025-08-09 00:00:00+00:00,7697
2025-08-10 00:00:00+00:00,7698
2025-08-11 00:00:00+00:00,7699
2025-08-12 00:00:00+00:00,7700
2025-08-13 00:00:00+00:00,7701
2025-08-15 00:00:00+00:00,7704
2025-08-16 00:00:00+00:00,7707
2025-08-17 00:00:00+00:00,7710
2025-08-18 00:00:00+00:00,7713
2025-08-20 00:00:00+00:00,7715
2025-08-21 00:00:00+00:00,7717
2025-08-22 00:00:00+00:00,7719
2025-08-23 00:00:00+00:00,7720
2025-08-24 00:00:00+00:00,7722
2025-08-25 00:00:00+00:00,7723
2025-08-26 00:00:00+00:00,7724
2025-08-28 00:00:00+00:00,7726
2025-08-30 00:00:00+00:00,7728
2025-08-31 00:00:00+00:00,7729
2025-09-01 00:00:00+00:00,7731
2025-09-03 00:00:00+00:00,7732
2025-09-05 00:00:00+00:00,7734
2025-09-07 00:00:00+00:00,7736
2025-09-08 00:00:00+00:00,7739
2025-09-09 00:00:00+00:00,7741
2025-09-10 00:00:00+00:00,7743
2025-09-11 00:00:00+00:00,7748
2025-09-12 00:00:00+00:00,7751
2025-09-13 00:00:00+00:00,7752
2025-09-15 00:00:00+00:00,7753
2025-09-16 00:00:00+00:00,7755
2025-09-17 00:00:00+00:00,7757
2025-09-18 00:00:00+00:00,7760
2025-09-20 00:00:00+00:00,7762
2025-09-21 00:00:00+00:00,7767
2025-09-22 00:00:00+00:00,7770
2025-09-23 00:00:00+00:00,7773
2025-09-24 00:00:00+00:00,7775
2025-09-26 00:00:00+00:00,7778
2025-09-27 00:00:00+00:00,7779
2025-09-28 00:00:00+00:00,7780
2025-09-29 00:00:00+00:00,7781
2025-09-30 00:00:00+00:00,7783
2025-10-01 00:00:00+00:00,7784
2025-10-03 00:00:00+00:00,7787
2025-10-04 00:00:00+00:00,7788
2025-10-06 00:00:00+00:00,7790
2025-10-07 00:00:00+00:00,7791
2025-10-08 00:00:00+00:00,7794
2025-10-09 00:00:00+00:00,7795
2025-10-10 00:00:00+00:00,7797
2025-10-11 00:00:00+00:00,7799
2025-10-12 00:00:00+00:00,7801
2025-10-13 00:00:00+00:00,7805
2025-10-15 00:00:00+00:00,7807
2025-10-16 00:00:00+00:00,7809
2025-10-17 00:00:00+00:00,7813
2025-10-18 00:00:00+00:00,7814
2025-10-19 00:00:00+00:00,7815
2025-10-20 00:00:00+00:00,7817
2025-10-21 00:00:00+00:00,7818
2025-10-22 00:00:00+00:00,7820
2025-10-23 00:00:00+00:00,7824
2025-10-24 00:00:00+00:00,7825
2025-10-25 00:00:00+00:00,7829
2025-10-27 00:00:00+00:00,7832
2025-10-28 00:00:00+00:00,7839
2025-10-29 00:00:00+00:00,7844
2025-10-30 00:00:00+00:00,7847
2025-10-31 00:00:00+00:00,7850
2025-11-01 00:00:00+00:00,7852
2025-11-03 00:00:00+00:00,7854
2025-11-04 00:00:00+00:00,7855
2025-11-05 00:00:00+00:00,7856
2025-11-06 00:00:00+00:00,7858
2025-11-08 00:00:00+00:00,7868
2025-11-09 00:00:00+00:00,7871
2025-11-10 00:00:00+00:00,7876
2025-11-13 00:00:00+00:00,7879
2025-11-14 00:00:00+00:00,7880
2025-11-15 00:00:00+00:00,7884
2025-11-16 00:00:00+00:00,7886
2025-11-17 00:00:00+00:00,7889
2025-11-18 00:00:00+00:00,7891
2025-11-19 00:00:00+00:00,7892
2025-11-20 00:00:00+00:00,7894
2025-11-21 00:00:00+00:00,7895
2025-11-22 00:00:00+00:00,7897
2025-11-24 00:00:00+00:00,7899
2025-11-25 00:00:00+00:00,7902
2025-11-27 00:00:00+00:00,7904
2025-11-29 00:00:00+00:00,7906
2025-11-30 00:00:00+00:00,7909
2025-12-01 00:00:00+00:00,7910
2025-12-02 00:00:00+00:00,7913
2025-12-03 00:00:00+00:00,7915
2025-12-04 00:00:00+00:00,7916
2025-12-05 00:00:00+00:00,7917
2025-12-06 00:00:00+00:00,7918
2025-12-07 00:00:00+00:00,7919
2025-12-08 00:00:00+00:00,7921
2025-12-09 00:00:00+00:00,7923
2025-12-10 00:00:00+00:00,7924
2025-12-11 00:00:00+00:00,7928
2025-12-12 00:00:00+00:00,7931
2025-12-15 00:00:00+00:00,7932
2025-12-16 00:00:00+00:00,7934
2025-12-17 00:00:00+00:00,7938
2025-12-18 00:00:00+00:00,7940
2025-12-19 00:00:00+00:00,7946
2025-12-20 00:00:00+00:00,7948
2025-12-21 00:00:00+00:00,7949
2025-12-22 00:00:00+00:00,7950
2025-12-23 00:00:00+00:00,7951
2025-12-24 00:00:00+00:00,7952
2025-12-25 00:00:00+00:00,7953
2025-12-26 00:00:00+00:00,7954
2025-12-27 00:00:00+00:00,7957
2025-12-29 00:00:00+00:00,7958
2025-12-30 00:00:00+00:00,7961
2025-12-31 00:00:00+00:00,7963
2026-01-02 00:00:00+00:00,7964
2026-01-04 00:00:00+00:00,7967
2026-01-06 00:00:00+00:00,7969
2026-01-07 00:00:00+00:00,7972
2026-01-08 00:00:00+00:00,7975
2026-01-09 00:00:00+00:00,7981
2026-01-10 00:00:00+00:00,7982
2026-01-11 00:00:00+00:00,7983
2026-01-12 00:00:00+00:00,7986
2026-01-14 00:00:00+00:00,7988
2026-01-15 00:00:00+00:00,7989
2026-01-17 00:00:00+00:00,7991
2026-01-18 00:00:00+00:00,7993
2026-01-20 00:00:00+00:00,7994
2026-01-21 00:00:00+00:00,7995
2026-01-22 00:00:00+00:00,7999
2026-01-23 00:00:00+00:00,8001
2026-01-24 00:00:00+00:00,8002
2026-01-26 00:00:00+00:00,8003
2026-01-27 00:00:00+00:00,8004
2026-01-28 00:00:00+00:00,8007
2026-01-29 00:00:00+00:00,8009
2026-01-30 00:00:00+00:00,8010
2026-02-01 00:00:00+00:00,8011
2026-02-02 00:00:00+00:00,8012
2026-02-03 00:00:00+00:00,8013
2026-02-04 00:00:00+00:00,8014
2026-02-06 00:00:00+00:00,8015
2026-02-07 00:00:00+00:00,8016
2026-02-10 00:00:00+00:00,8020
2026-02-11 00:00:00+00:00,8023
2026-02-12 00:00:00+00:00,8025
2026-02-14 00:00:00+00:00,8026
2026-02-15 00:00:00+00:00,8027
2026-02-16 00:00:00+00:00,8028
2026-02-17 00:00:00+00:00,8030
2026-02-18 00:00:00+00:00,8031
2026-02-22 00:00:00+00:00,8034
2026-02-23 00:00:00+00:00,8035
2026-02-24 00:00:00+00:00,8036
2026-02-25 00:00:00+00:00,8038
2026-02-26 00:00:00+00:00,8039
2026-03-01 00:00:00+00:00,8040
2026-03-02 00:00:00+00:00,8041
2026-03-03 00:00:00+00:00,8042
2026-03-05 00:00:00+00:00,8045
2026-03-06 00:00:00+00:00,8046
2026-03-07 00:00:00+00:00,8047
2026-03-08 00:00:00+00:00,8048
2026-03-09 00:00:00+00:00,8049
2026-03-10 00:00:00+00:00,8050
2026-03-15 00:00:00+00:00,8052
2026-03-16 00:00:00+00:00,8053
2026-03-18 00:00:00+00:00,8055
2026-03-19 00:00:00+00:00,8056
2026-03-20 00:00:00+00:00,8060
2026-03-22 00:00:00+00:00,8061
2026-03-24 00:00:00+00:00,8062
2026-03-25 00:00:00+00:00,8063
2026-03-27 00:00:00+00:00,8064
2026-03-28 00:00:00+00:00,8066
2026-03-29 00:00:00+00:00,8068
2026-03-30 00:00:00+00:00,8070
2026-03-31 00:00:00+00:00,8071
2026-04-01 00:00:00+00:00,8073
2026-04-02 00:00:00+00:00,8077
2026-04-03 00:00:00+00:00,8078
2026-04-04 00:00:00+00:00,8079
2026-04-07 00:00:00+00:00,8082
2026-04-08 00:00:00+00:00,8085
2026-04-09 00:00:00+00:00,8086
2026-04-10 00:00:00+00:00,8087
2026-04-11 00:00:00+00:00,8089
2026-04-12 00:00:00+00:00,8090
2026-04-13 00:00:00+00:00,8092
2026-04-14 00:00:00+00:00,8093
